,Subject_ID,GRB_Names
0,90376965,GRB071025
1,90376964,GRB071021
2,90376963,GRB071020
3,90376962,GRB071018
4,90376961,GRB071013
5,90376960,GRB071011
6,90376959,GRB071010B
7,90376958,GRB071010A
8,90376957,GRB071008
9,90376956,GRB071003
10,90376955,GRB071001
11,90376954,GRB070923
12,90376953,GRB070920B
13,90376952,GRB070920A
14,90376951,GRB070917
15,90376950,GRB070913
16,90376949,GRB070911
17,90376948,GRB070810B
18,90376947,GRB070810A
19,90376946,GRB070809
20,90376945,GRB070808
21,90376944,GRB070805
22,90376943,GRB070802
23,90376942,GRB070731
24,90376941,GRB070729
25,90376940,GRB070724A
26,90376939,GRB070721B
27,90376938,GRB070721A
28,90376937,GRB070714B
29,90376936,GRB070714A
30,90376935,GRB070704
31,90376934,GRB070628
32,90376933,GRB070621
33,90376932,GRB070616
34,90376931,GRB070612B
35,90376929,GRB070612A
36,90376928,GRB070611
37,90376927,GRB070531
38,90376926,GRB070529
39,90376925,GRB070521
40,90376924,GRB070520B
41,90376923,GRB070520A
42,90376922,GRB070518
43,90376921,GRB070517
44,90376920,GRB070509
45,90376919,GRB070508
46,90376918,GRB070506
47,90376917,GRB070429B
48,90376916,GRB070429A
49,90376915,GRB070427
50,90376914,GRB070420
51,90376913,GRB070419B
52,90376912,GRB070419A
53,90376911,GRB070412
54,90376910,GRB070411
55,90376909,GRB070330
56,90376908,GRB070328
57,90376907,GRB070318
58,90376906,GRB070306
59,90376905,GRB070224
60,90376904,GRB070223
61,90376903,GRB070220
62,90376902,GRB070219
63,90376901,GRB070209
64,90376900,GRB070208
65,90376899,GRB070129
66,90376898,GRB070110
67,90376897,GRB070107
68,90376896,GRB070103
69,90376895,GRB061222B
70,90376893,GRB061222A
71,90376892,GRB061217
72,90376891,GRB061210
73,90376890,GRB061202
74,90376889,GRB061201
75,90376888,GRB061126
76,90376887,GRB061121
77,90376886,GRB061110B
78,90376885,GRB061110A
79,90376884,GRB061102
80,90376883,GRB061028
81,90376882,GRB061021
82,90376881,GRB061019
83,90376880,GRB061007
84,90376879,GRB061006
85,90376878,GRB061004
86,90376877,GRB061002
87,90376876,GRB060929
88,90376875,GRB060927
89,90376874,GRB060926
90,90376873,GRB060923C
91,90376872,GRB060923B
92,90376871,GRB060923A
93,90376870,GRB060919
94,90376869,GRB060912A
95,90376868,GRB060908
96,90376867,GRB060906
97,90376866,GRB060904B
98,90376865,GRB060904A
99,90376864,GRB060825
