Burst Name,Workflow,BurstID,Simple,Extended,Other,Too Noisy,Verify,Follow
GRB041217,25637,95372762,13,3,1,0,,"[12, 4, 2, 0, 0, 0]"
GRB041219C,25637,95372765,13,4,2,1,,"[8, 10, 1, 0, 1, 2]"
GRB041220,25637,95372767,13,1,2,0,,"[11, 5, 0, 0, 0, 0]"
GRB041223,25637,95372768,0,6,9,1,,"[3, 7, 13, 0, 1, 2]"
GRB041224,25637,95372769,0,5,9,0,,"[8, 7, 8, 0, 1, 1]"
GRB041226,25637,95372770,4,3,4,0,,"[6, 2, 3, 0, 1, 1]"
GRB041228,25637,95372771,1,5,7,0,,"[2, 7, 7, 0, 0, 0]"
GRB050117,25637,95372774,0,3,12,0,,"[8, 3, 12, 0, 0, 0]"
GRB050124,25637,95372775,9,5,1,0,,"[6, 8, 2, 0, 0, 0]"
GRB050126,25637,95372777,4,13,3,0,,"[2, 10, 10, 0, 2, 2]"
GRB050128,25637,95372780,0,4,7,1,,"[1, 1, 9, 0, 1, 2]"
GRB050202,25637,95372781,10,0,6,3,,"[10, 2, 0, 0, 5, 8]"
GRB050215A,25637,95372782,3,10,3,6,,"[7, 1, 7, 0, 2, 8]"
GRB050215B,25637,95372783,4,3,1,0,,"[2, 5, 2, 0, 0, 0]"
GRB050219A,25637,95372784,8,2,4,0,,"[9, 1, 7, 0, 0, 1]"
GRB050219B,25637,95372785,7,3,3,0,,"[10, 1, 4, 0, 0, 0]"
GRB050223,25637,95372786,3,7,5,4,,"[4, 3, 8, 0, 3, 7]"
GRB050306,25637,95372789,1,3,10,3,,"[3, 3, 12, 0, 0, 3]"
GRB050315,25637,95372791,2,7,8,1,,"[4, 8, 14, 0, 1, 2]"
GRB050318,25637,95372793,1,2,14,0,,"[7, 5, 7, 0, 1, 2]"
GRB050319,25637,95372795,1,4,12,2,,"[3, 6, 11, 0, 1, 3]"
GRB050326,25637,95372796,1,3,15,0,,"[7, 9, 12, 0, 0, 0]"
GRB050401,25637,95372797,0,1,10,1,,"[6, 6, 7, 0, 1, 2]"
GRB050406,25637,95372798,10,1,3,0,,"[11, 0, 3, 0, 2, 2]"
GRB050410,25637,95372799,2,6,4,0,,"[0, 6, 7, 0, 0, 0]"
GRB050412,25637,95372801,2,6,6,0,,"[4, 2, 8, 0, 2, 2]"
GRB050416A,25637,95372803,10,5,0,1,,"[5, 10, 0, 0, 1, 2]"
GRB050416B,25637,95372805,20,1,0,1,Simple,"[10, 8, 1, 0, 1, 2]"
GRB050418,25637,95372807,0,6,5,0,,"[6, 4, 9, 0, 0, 0]"
GRB050421,25637,95372808,8,3,0,3,,"[5, 5, 0, 0, 2, 7]"
GRB050422,25637,95372809,4,2,6,2,,"[8, 0, 4, 0, 0, 3]"
GRB050502B,25637,95372810,2,0,13,0,,"[14, 4, 4, 0, 1, 1]"
GRB050505,25637,95372811,1,2,8,1,,"[6, 5, 7, 0, 1, 2]"
GRB050507,25637,95372813,1,5,7,4,,"[7, 4, 6, 0, 0, 5]"
GRB050509A,25637,95372815,4,5,6,0,,"[4, 7, 5, 0, 1, 1]"
GRB050509B,25637,95372816,0,0,3,10,,"[0, 0, 0, 0, 3, 13]"
GRB050525A,25637,95372819,0,7,13,0,,"[10, 8, 11, 0, 0, 0]"
GRB050528,25637,95372821,6,1,8,1,,"[6, 2, 8, 0, 1, 3]"
GRB050603,25637,95372822,8,3,1,0,,"[4, 8, 1, 0, 1, 1]"
GRB050607,25637,95372823,2,9,4,0,,"[3, 12, 4, 0, 0, 0]"
GRB050701,25637,95372824,0,1,10,1,,"[7, 6, 6, 0, 1, 2]"
GRB050712,25637,95372825,2,3,5,7,,"[3, 1, 7, 0, 1, 8]"
GRB050713A,25637,95372826,5,4,1,0,,"[4, 6, 2, 0, 0, 1]"
GRB050713B,25637,95372828,5,8,0,1,,"[0, 12, 1, 0, 0, 1]"
GRB050714B,25637,95372829,1,0,3,9,,"[1, 0, 3, 0, 1, 10]"
GRB050715,25637,95372832,1,2,10,2,,"[8, 3, 6, 0, 1, 3]"
GRB050716,25637,95372834,0,6,7,0,,"[2, 6, 8, 0, 0, 0]"
GRB050717,25637,95372836,5,10,1,0,,"[1, 13, 2, 0, 0, 0]"
GRB050721,25637,95372837,7,10,1,1,,"[3, 17, 4, 0, 0, 1]"
GRB050724,25637,95372838,7,4,0,0,,"[8, 4, 2, 0, 0, 0]"
GRB050726,25637,95372839,2,2,5,5,,"[3, 4, 3, 0, 2, 7]"
GRB050730,25637,95372841,6,3,2,2,,"[7, 2, 4, 0, 1, 3]"
GRB050801,25637,95372842,8,9,0,1,,"[2, 14, 1, 0, 0, 1]"
GRB050802,25637,95372843,2,12,4,0,,"[1, 12, 7, 0, 0, 0]"
GRB050803,25637,95372846,0,4,14,0,,"[8, 8, 10, 0, 1, 1]"
GRB050813,25637,95372847,12,0,1,1,,"[12, 0, 0, 0, 1, 2]"
GRB050814,25637,95372849,2,5,3,8,,"[1, 7, 3, 0, 2, 10]"
GRB050815,25637,95372850,8,2,0,0,,"[7, 2, 0, 0, 1, 1]"
GRB050819,25637,95372851,2,1,5,6,,"[3, 0, 4, 0, 2, 8]"
GRB050820A,25637,95372852,0,2,11,2,,"[10, 1, 4, 0, 0, 2]"
GRB050820B,25637,95372855,2,3,10,1,,"[9, 3, 5, 0, 1, 2]"
GRB050822,25637,95372856,2,2,9,1,,"[3, 9, 10, 0, 0, 1]"
GRB050824,25637,95372857,4,1,3,7,,"[5, 0, 2, 0, 1, 9]"
GRB050826,25637,95372859,2,6,2,6,,"[0, 7, 7, 0, 1, 8]"
GRB050827,25637,95372861,5,1,5,0,,"[9, 0, 4, 0, 1, 1]"
GRB050904,25637,95372863,1,2,5,8,,"[4, 1, 4, 0, 2, 10]"
GRB050908,25637,95372864,13,0,0,2,,"[12, 1, 0, 0, 0, 2]"
GRB050911,25637,95372865,3,3,12,1,,"[12, 8, 3, 0, 1, 2]"
GRB050915A,25637,95372866,1,6,3,2,,"[1, 5, 7, 0, 0, 2]"
GRB050915B,25637,95372868,1,8,6,0,,"[3, 12, 8, 0, 1, 1]"
GRB050916,25637,95372869,2,0,7,6,,"[3, 1, 8, 0, 0, 6]"
GRB050922B,25637,95372870,1,1,2,11,,"[3, 2, 3, 0, 0, 11]"
GRB050922C,25637,95372872,11,1,0,0,Simple,"[10, 0, 1, 0, 0, 0]"
GRB050925,25637,95372875,11,0,2,0,,"[11, 1, 0, 0, 1, 1]"
GRB051001,25637,95372876,1,2,6,5,,"[4, 2, 5, 0, 1, 6]"
GRB051006,25637,95372877,2,5,7,0,,"[6, 2, 8, 0, 0, 0]"
GRB051008,25637,95372878,4,4,9,0,,"[12, 4, 8, 0, 0, 0]"
GRB051016A,25637,95372880,1,7,4,1,,"[3, 5, 6, 0, 1, 2]"
GRB051016B,25637,95372881,9,1,2,1,,"[1, 6, 5, 0, 2, 3]"
GRB051021B,25637,95372882,0,7,1,0,,"[0, 8, 2, 0, 0, 0]"
GRB051105A,25637,95372884,8,0,2,1,,"[8, 0, 0, 0, 2, 3]"
GRB051109A,25637,95372885,6,4,5,1,,"[9, 5, 4, 0, 1, 2]"
GRB051109B,25637,95372887,10,3,4,0,,"[11, 3, 6, 0, 1, 1]"
GRB051111,25637,95372889,4,9,0,0,,"[2, 11, 2, 0, 0, 0]"
GRB051113,25637,95372890,1,4,11,1,,"[7, 6, 5, 0, 3, 4]"
GRB051117A,25637,95372891,3,9,2,3,,"[1, 8, 8, 0, 1, 5]"
GRB051117B,25637,95372893,2,3,4,6,,"[2, 2, 7, 0, 0, 6]"
GRB051210,25637,95372894,11,0,0,0,Simple,"[9, 2, 0, 0, 0, 0]"
GRB051213,25637,95372895,0,1,7,8,,"[5, 1, 4, 0, 1, 9]"
GRB051221A,25637,95372896,15,0,0,0,Simple,"[9, 5, 0, 0, 1, 1]"
GRB051221B,25637,95372898,0,2,4,6,,"[2, 2, 5, 0, 1, 7]"
GRB051227,25637,95372900,4,8,2,0,,"[3, 8, 2, 0, 0, 2]"
GRB060102,25637,95372902,3,1,3,0,,"[3, 4, 2, 0, 1, 1]"
GRB060105,25637,95372903,0,4,12,0,,"[9, 6, 7, 0, 2, 2]"
GRB060108,25637,95372904,8,7,2,0,,"[9, 6, 4, 0, 1, 1]"
GRB060109,25637,95372905,0,1,9,2,,"[4, 5, 4, 0, 1, 3]"
GRB060110,25637,95372907,8,6,2,1,,"[0, 16, 1, 0, 0, 1]"
GRB060111A,25637,95372908,10,3,0,0,,"[7, 5, 2, 0, 0, 0]"
GRB060111B,25637,95372910,0,4,9,0,,"[1, 12, 4, 0, 0, 0]"
GRB060115,25637,95372911,0,1,9,0,,"[8, 1, 1, 0, 0, 0]"
GRB060116,25637,95372914,4,3,5,4,,"[3, 2, 7, 0, 1, 5]"
GRB060117,25637,95372915,0,4,16,0,,"[12, 5, 6, 0, 1, 1]"
GRB060124,25637,95372916,1,1,7,0,,"[3, 2, 7, 0, 0, 0]"
GRB060202,25637,95372917,0,2,7,5,,"[6, 2, 4, 0, 1, 6]"
GRB060203,25637,95372919,1,2,1,12,,"[1, 0, 3, 0, 0, 12]"
GRB060204B,25637,95372920,6,9,0,1,,"[9, 5, 4, 0, 0, 1]"
GRB060206,25637,95372922,9,3,1,0,,"[5, 8, 0, 0, 0, 0]"
GRB060210,25637,95372923,2,2,11,1,,"[8, 1, 10, 0, 1, 2]"
GRB060211A,25637,95372924,0,1,8,6,,"[2, 6, 4, 0, 1, 7]"
GRB060211B,25637,95372927,4,5,7,0,,"[8, 4, 6, 0, 1, 1]"
GRB060219,25637,95372928,1,1,6,8,,"[6, 1, 3, 0, 0, 8]"
GRB060223A,25637,95372929,6,7,5,2,,"[6, 5, 7, 0, 2, 4]"
GRB060223B,25637,95372931,5,0,8,0,,"[5, 2, 6, 0, 3, 3]"
GRB060306,25637,95372932,1,4,11,0,,"[6, 8, 6, 0, 0, 0]"
GRB060312,25637,95372933,3,3,11,0,,"[12, 4, 10, 0, 1, 1]"
GRB060313,25637,95372935,11,0,0,0,Simple,"[10, 3, 0, 0, 0, 0]"
GRB060319,25637,95372936,3,7,4,0,,"[2, 9, 6, 0, 0, 0]"
GRB060322,25637,95372938,0,1,7,0,,"[5, 2, 6, 0, 0, 0]"
GRB060323,25637,95372939,0,4,9,1,,"[10, 3, 7, 0, 0, 1]"
GRB060403,25637,95372941,3,9,1,1,,"[1, 12, 3, 0, 0, 1]"
GRB060413,25637,95372942,6,1,4,0,,"[8, 1, 4, 0, 0, 0]"
GRB060418,25637,95372944,1,4,10,0,,"[7, 1, 9, 0, 1, 1]"
GRB060421,25637,95372945,1,7,14,0,,"[12, 4, 12, 0, 2, 2]"
GRB060424,25637,95372946,1,4,6,0,,"[5, 1, 7, 0, 1, 1]"
GRB060427,25637,95372948,2,5,0,8,,"[1, 4, 3, 0, 1, 9]"
GRB060428A,25637,95372950,2,4,6,0,,"[9, 2, 4, 0, 0, 0]"
GRB060428B,25637,95372951,3,4,5,5,,"[7, 3, 4, 0, 2, 8]"
GRB060501,25637,95372952,4,2,3,1,,"[3, 6, 2, 0, 0, 1]"
GRB060502A,25637,95372955,7,5,3,0,,"[4, 12, 2, 0, 1, 1]"
GRB060502B,25637,95372956,9,1,4,0,,"[10, 0, 0, 0, 3, 3]"
GRB060507,25637,95372957,1,7,3,0,,"[5, 9, 4, 0, 0, 0]"
GRB060510A,25637,95372958,6,5,7,0,,"[5, 12, 11, 0, 0, 0]"
GRB060510B,25637,95372959,0,1,9,2,,"[3, 1, 10, 0, 0, 2]"
GRB060512,25637,95372962,9,1,3,0,,"[10, 0, 3, 0, 1, 1]"
GRB060515,25637,95372963,2,7,0,3,,"[1, 5, 2, 0, 0, 3]"
GRB060516,25637,95372964,1,2,1,11,,"[4, 0, 1, 0, 1, 12]"
GRB060522,25637,95372965,0,1,3,11,,"[1, 0, 2, 0, 1, 13]"
GRB060526,25637,95372967,0,5,9,1,,"[12, 2, 2, 0, 1, 2]"
GRB060602A,25637,95372969,2,7,3,5,,"[1, 6, 6, 0, 1, 8]"
GRB060604,25637,95372970,0,1,3,6,,"[2, 1, 2, 0, 1, 7]"
GRB060605,25637,95372971,2,1,11,2,,"[5, 6, 5, 0, 2, 4]"
GRB060607A,25637,95372972,2,7,5,0,,"[2, 13, 7, 0, 0, 0]"
GRB060607B,25637,95372974,1,4,6,2,,"[1, 10, 6, 0, 0, 2]"
GRB060614,25637,95372976,1,9,5,0,,"[3, 6, 12, 0, 2, 2]"
GRB060707,25637,95372977,2,4,9,1,,"[5, 8, 7, 0, 0, 1]"
GRB060708,25637,95372978,8,3,1,0,,"[2, 10, 0, 0, 0, 0]"
GRB060712,25637,95372980,0,1,9,5,,"[2, 1, 9, 0, 1, 6]"
GRB060714,25637,95372981,0,7,8,1,,"[5, 11, 11, 0, 0, 1]"
GRB060717,25637,95372983,12,0,1,0,Simple,"[12, 1, 0, 0, 0, 0]"
GRB060719,25637,95372984,1,3,9,0,,"[7, 5, 1, 0, 1, 1]"
GRB060729,25637,95372985,2,6,12,0,,"[12, 9, 10, 0, 0, 0]"
GRB060801,25637,95372987,15,1,0,1,,"[10, 6, 0, 0, 1, 2]"
GRB060804,25637,95372989,4,3,9,0,,"[7, 2, 9, 0, 1, 1]"
GRB060805A,25637,95372990,11,1,1,2,,"[11, 1, 1, 0, 1, 3]"
GRB060807,25637,95372991,7,2,4,3,,"[7, 5, 4, 0, 2, 5]"
GRB060813,25637,95372993,9,6,1,0,,"[10, 6, 3, 0, 0, 0]"
GRB060814,25637,95372994,0,7,6,0,,"[9, 3, 5, 0, 0, 0]"
GRB060825,25637,95372996,9,0,1,0,,"[8, 1, 3, 0, 0, 0]"
GRB060904A,25637,95372997,5,0,10,1,,"[10, 2, 9, 0, 0, 1]"
GRB060904B,25637,95372998,4,7,3,0,,"[8, 7, 4, 0, 1, 1]"
GRB060906,25637,95373000,1,3,6,2,,"[4, 3, 8, 0, 0, 2]"
GRB060908,25637,95373002,0,3,9,0,,"[8, 2, 7, 0, 0, 0]"
GRB060912A,25637,95373003,9,2,0,0,,"[4, 6, 0, 0, 1, 1]"
GRB060919,25637,95373004,5,5,4,0,,"[2, 10, 3, 0, 0, 0]"
GRB060923A,25637,95373006,2,3,9,0,,"[9, 4, 5, 0, 1, 1]"
GRB060923B,25637,95373007,11,2,1,1,,"[11, 1, 2, 0, 1, 2]"
GRB060923C,25637,95373009,0,1,2,7,,"[1, 1, 2, 0, 1, 8]"
GRB060926,25637,95373010,9,3,2,0,,"[3, 10, 1, 0, 1, 1]"
GRB060927,25637,95373011,0,2,10,0,,"[9, 4, 6, 0, 0, 0]"
GRB060929,25637,95373013,1,2,1,8,,"[3, 1, 1, 0, 0, 8]"
GRB061002,25637,95373015,1,1,10,3,,"[3, 1, 11, 0, 0, 3]"
GRB061004,25637,95373016,13,0,0,0,Simple,"[11, 1, 0, 0, 1, 1]"
GRB061006,25637,95373018,11,10,2,0,,"[16, 3, 7, 0, 1, 2]"
GRB061007,25637,95373019,1,5,9,1,,"[9, 4, 7, 0, 2, 3]"
GRB061019,25637,95373020,2,4,14,1,,"[12, 8, 4, 0, 0, 1]"
GRB061021,25637,95373021,3,7,0,0,,"[1, 9, 0, 0, 0, 0]"
GRB061028,25637,95373023,0,2,4,8,,"[0, 0, 6, 0, 0, 8]"
GRB061102,25637,95373025,0,2,6,10,,"[2, 3, 5, 0, 1, 11]"
GRB061110A,25637,95373027,5,7,1,2,,"[1, 10, 4, 0, 0, 2]"
GRB061110B,25637,95373029,1,3,2,5,,"[0, 2, 3, 0, 1, 6]"
GRB061121,25637,95373030,4,2,9,0,,"[13, 1, 4, 0, 0, 0]"
GRB061126,25637,95373031,0,7,7,0,,"[6, 2, 10, 0, 0, 0]"
GRB061201,25637,95373033,14,1,1,0,,"[12, 2, 1, 0, 1, 1]"
GRB061202,25637,95373034,2,6,2,0,,"[3, 8, 2, 0, 0, 0]"
GRB061210,25637,95373035,8,6,0,1,,"[11, 1, 2, 0, 0, 1]"
GRB061217,25637,95373036,6,0,2,3,,"[5, 0, 1, 0, 2, 6]"
GRB061222A,25637,95373038,3,2,12,0,,"[9, 4, 9, 0, 2, 2]"
GRB061222B,25637,95373040,3,4,5,1,,"[4, 1, 7, 0, 0, 1]"
GRB070103,25637,95373041,0,2,9,0,,"[7, 3, 6, 0, 0, 0]"
GRB070107,25637,95373043,4,8,4,0,,"[3, 11, 5, 0, 0, 0]"
GRB070110,25637,95373045,0,10,5,2,,"[0, 12, 8, 0, 1, 3]"
GRB070129,25637,95373047,1,0,3,3,,"[3, 2, 1, 0, 1, 4]"
GRB070208,25637,95373048,1,6,11,1,,"[13, 5, 7, 0, 1, 2]"
GRB070209,25637,95373049,1,0,5,7,,"[3, 0, 2, 0, 1, 8]"
GRB070219,25637,95373050,3,9,1,0,,"[1, 8, 4, 0, 1, 2]"
GRB070220,25637,95373052,7,8,1,0,,"[3, 11, 5, 0, 0, 0]"
GRB070223,25637,95373054,0,10,4,3,,"[1, 9, 10, 0, 1, 4]"
GRB070224,25637,95373055,2,6,2,5,,"[1, 6, 4, 0, 0, 5]"
GRB070227,25637,95373057,8,0,2,2,,"[7, 2, 1, 0, 2, 4]"
GRB070306,25637,95373059,2,3,11,1,,"[7, 6, 7, 0, 1, 2]"
GRB070318,25637,95373060,9,5,0,0,,"[2, 13, 2, 0, 1, 1]"
GRB070328,25637,95373061,4,8,2,0,,"[7, 8, 3, 0, 0, 0]"
GRB070330,25637,95373062,9,1,4,0,,"[8, 5, 3, 0, 0, 0]"
GRB070411,25637,95373063,0,1,7,2,,"[6, 5, 5, 0, 0, 2]"
GRB070412,25637,95373065,3,3,4,2,,"[2, 6, 4, 0, 0, 2]"
GRB070419A,25637,95373067,2,1,0,10,,"[1, 1, 0, 0, 1, 12]"
GRB070419B,25637,95373069,1,8,3,0,,"[0, 8, 6, 0, 0, 0]"
GRB070420,25637,95373070,6,5,1,0,,"[8, 2, 6, 0, 1, 1]"
GRB070427,25637,95373073,6,0,4,0,,"[7, 1, 1, 0, 2, 2]"
GRB070429A,25637,95373074,1,5,0,8,,"[0, 5, 1, 0, 1, 9]"
GRB070429B,25637,95373075,11,0,0,0,Simple,"[11, 1, 0, 0, 0, 0]"
GRB070506,25637,95373076,12,1,0,0,Simple,"[11, 2, 0, 0, 0, 0]"
GRB070508,25637,95373077,4,2,11,0,,"[10, 3, 9, 0, 1, 1]"
GRB070509,25637,95373078,11,1,0,0,Simple,"[2, 7, 2, 0, 1, 1]"
GRB070517,25637,95373079,5,4,3,0,,"[6, 6, 3, 0, 0, 0]"
GRB070518,25637,95373082,9,2,1,1,,"[6, 6, 1, 0, 1, 2]"
GRB070520A,25637,95373083,3,1,4,6,,"[2, 2, 4, 0, 4, 10]"
GRB070520B,25637,95373085,3,5,6,3,,"[2, 8, 5, 0, 3, 8]"
GRB070521,25637,95373088,0,1,11,0,Other,"[4, 2, 9, 0, 1, 1]"
GRB070529,25637,95373089,2,5,2,4,,"[0, 7, 3, 0, 1, 6]"
GRB070531,25637,95373090,0,7,2,0,,"[1, 7, 5, 0, 0, 0]"
GRB070611,25637,95373091,7,0,4,2,,"[4, 1, 3, 0, 3, 5]"
GRB070612A,25637,95373092,1,7,7,2,,"[2, 12, 8, 0, 1, 4]"
GRB070612B,25637,95373093,10,1,3,0,,"[9, 0, 5, 0, 0, 0]"
GRB070616,25637,95373096,1,6,6,3,,"[3, 4, 10, 0, 0, 3]"
GRB070621,25637,95373098,1,2,8,0,,"[1, 3, 8, 0, 0, 0]"
GRB070628,25637,95373099,3,0,6,0,,"[4, 4, 2, 0, 1, 1]"
GRB070704,25637,95373101,1,8,5,1,,"[3, 12, 6, 0, 1, 2]"
GRB070714A,25637,95373102,12,0,0,0,Simple,"[11, 1, 0, 0, 0, 0]"
GRB070714B,25637,95373103,8,6,0,0,,"[11, 2, 4, 0, 0, 0]"
GRB070721A,25637,95373104,11,1,0,0,Simple,"[8, 4, 0, 0, 0, 0]"
GRB070721B,25637,95373105,1,8,10,1,,"[9, 12, 8, 0, 2, 3]"
GRB070724A,25637,95373109,13,0,1,0,Simple,"[13, 1, 0, 0, 1, 1]"
GRB070729,25637,95373110,12,0,0,0,Simple,"[11, 0, 0, 0, 2, 2]"
GRB070731,25637,95373112,17,0,0,0,Simple,"[12, 1, 2, 0, 3, 3]"
GRB070802,25637,95373114,2,6,4,4,,"[4, 4, 3, 0, 1, 5]"
GRB070805,25637,95373115,1,6,4,4,,"[2, 5, 6, 0, 2, 6]"
GRB070808,25637,95373116,7,7,0,0,,"[1, 12, 2, 0, 0, 0]"
GRB070809,25637,95373117,19,0,0,0,Simple,"[17, 1, 2, 0, 1, 1]"
GRB070810A,25637,95373118,10,3,2,0,,"[5, 9, 1, 0, 1, 1]"
GRB070810B,25637,95373119,6,0,3,1,,"[5, 1, 0, 0, 3, 4]"
GRB070911,25637,95373122,0,2,9,0,,"[5, 2, 8, 0, 1, 1]"
GRB070913,25637,95373123,11,0,0,0,Simple,"[10, 0, 0, 0, 1, 1]"
GRB070917,25637,95373126,8,5,1,0,,"[3, 11, 1, 0, 0, 0]"
GRB070920A,25637,95373128,0,1,4,9,,"[1, 2, 3, 0, 1, 10]"
GRB070920B,25637,95373129,13,0,2,0,,"[13, 0, 2, 0, 1, 1]"
GRB070923,25637,95373130,8,0,5,2,,"[10, 0, 0, 0, 3, 5]"
GRB071001,25637,95373131,0,4,9,0,,"[3, 8, 4, 0, 1, 2]"
GRB071003,25637,95373132,1,4,7,0,,"[3, 8, 3, 0, 1, 1]"
GRB071006,25637,95373133,2,2,4,0,,"[5, 1, 1, 0, 1, 1]"
GRB071008,25637,95373135,10,4,3,0,,"[11, 2, 4, 0, 1, 1]"
GRB071010A,25637,95373137,7,3,2,0,,"[8, 3, 2, 0, 1, 1]"
GRB071010B,25637,95373138,5,0,6,0,,"[2, 8, 3, 0, 1, 1]"
GRB071010C,25637,95373141,3,1,9,3,,"[6, 2, 5, 0, 2, 5]"
GRB071011,25637,95373142,0,2,8,0,,"[2, 5, 5, 0, 0, 0]"
GRB071013,25637,95373143,1,6,1,5,,"[1, 5, 4, 0, 1, 6]"
GRB071018,25637,95373144,0,0,0,12,Too Noisy,"[0, 0, 0, 0, 0, 12]"
GRB071020,25637,95373146,8,2,5,0,,"[5, 7, 4, 0, 1, 1]"
GRB071021,25637,95373147,6,1,5,2,,"[8, 1, 2, 0, 2, 5]"
GRB071025,25637,95373149,4,4,1,0,,"[4, 5, 0, 0, 0, 0]"
GRB071028A,25637,95373151,2,0,3,10,,"[1, 1, 2, 0, 2, 12]"
GRB071028B,25637,95373152,1,2,10,0,,"[4, 1, 5, 0, 4, 5]"
GRB071031,25637,95373155,1,6,3,5,,"[5, 5, 4, 0, 0, 5]"
GRB071101,25637,95373156,12,0,0,0,Simple,"[8, 3, 1, 0, 1, 1]"
GRB071112B,25637,95373157,18,0,0,2,Simple,"[9, 5, 1, 0, 3, 6]"
GRB071117,25637,95373158,17,4,0,1,,"[4, 14, 2, 0, 1, 2]"
GRB071118,25637,95373159,0,0,0,13,Too Noisy,"[0, 0, 0, 0, 0, 13]"
GRB071122,25637,95373160,1,1,3,11,,"[1, 1, 4, 0, 1, 12]"
GRB071129,25637,95373163,2,6,2,2,,"[0, 7, 5, 0, 1, 4]"
GRB071227,25637,95373165,6,10,2,0,,"[8, 3, 6, 0, 2, 3]"
GRB080123,25637,95373167,1,0,2,5,,"[0, 1, 0, 0, 1, 6]"
GRB080129,25637,95373168,3,1,4,12,,"[3, 2, 5, 0, 1, 13]"
GRB080205,25637,95373169,0,3,7,0,,"[7, 0, 6, 0, 0, 0]"
GRB080207,25637,95373170,1,1,9,6,,"[6, 1, 8, 0, 1, 8]"
GRB080210,25637,95373171,1,5,7,0,,"[7, 1, 9, 0, 0, 0]"
GRB080212,25637,95373172,0,2,7,4,,"[4, 1, 7, 0, 0, 4]"
GRB080218A,25637,95373173,1,1,6,5,,"[3, 1, 4, 0, 1, 7]"
GRB080218B,25637,95373175,9,2,0,0,,"[6, 5, 0, 0, 0, 0]"
GRB080229A,25637,95373177,1,4,13,0,,"[14, 5, 9, 0, 0, 0]"
GRB080303,25637,95373179,2,5,1,1,,"[1, 7, 2, 0, 0, 1]"
GRB080307,25637,95373181,5,3,1,4,,"[0, 6, 3, 0, 1, 5]"
GRB080310,25637,95373182,6,6,2,0,,"[7, 5, 5, 0, 1, 1]"
GRB080319A,25637,95373183,0,6,9,0,,"[3, 10, 8, 0, 0, 0]"
GRB080319B,25637,95373184,3,7,6,0,,"[8, 5, 7, 0, 0, 0]"
GRB080319C,25637,95373185,1,9,4,1,,"[0, 11, 6, 0, 1, 2]"
GRB080319D,25637,95373186,0,0,3,9,,"[2, 0, 2, 0, 1, 10]"
GRB080320,25637,95373187,4,7,1,1,,"[1, 9, 1, 0, 0, 2]"
GRB080325,25637,95373189,1,3,4,5,,"[2, 5, 4, 0, 1, 6]"
GRB080328,25637,95373191,0,6,12,0,,"[9, 6, 14, 0, 1, 1]"
GRB080330,25637,95373193,0,6,8,2,,"[3, 7, 5, 0, 1, 3]"
GRB080409,25637,95373194,1,2,8,0,,"[7, 5, 2, 0, 1, 1]"
GRB080411,25637,95373195,0,2,11,0,,"[6, 6, 7, 0, 0, 0]"
GRB080413A,25637,95373197,0,2,14,1,,"[8, 4, 8, 0, 0, 1]"
GRB080413B,25637,95373198,8,6,0,0,,"[2, 12, 1, 0, 0, 0]"
GRB080426,25637,95373199,11,1,0,0,Simple,"[6, 5, 0, 0, 1, 1]"
GRB080430,25637,95373200,9,5,0,0,,"[1, 13, 0, 0, 0, 0]"
GRB080503,25637,95373202,0,2,6,2,,"[3, 4, 5, 0, 1, 3]"
GRB080506,25637,95373203,0,0,5,9,,"[2, 0, 1, 0, 3, 12]"
GRB080515,25637,95373206,4,3,6,1,,"[10, 1, 5, 0, 1, 2]"
GRB080516,25637,95373207,1,2,10,0,,"[10, 1, 4, 0, 0, 0]"
GRB080517,25637,95373208,4,4,0,4,,"[2, 4, 3, 0, 1, 5]"
GRB080520,25637,95373209,10,0,1,0,,"[10, 0, 0, 0, 0, 0]"
GRB080523,25637,95373211,3,7,3,1,,"[2, 10, 4, 0, 0, 1]"
GRB080602,25637,95373212,0,1,9,1,,"[5, 2, 4, 0, 1, 2]"
GRB080603B,25637,95373213,0,0,5,0,,"[2, 2, 3, 0, 0, 0]"
GRB080604,25637,95373214,2,0,4,8,,"[3, 1, 4, 0, 0, 8]"
GRB080605,25637,95373216,3,2,9,1,,"[9, 3, 8, 0, 1, 2]"
GRB080607,25637,95373219,2,7,2,0,,"[7, 4, 6, 0, 1, 1]"
GRB080613B,25637,95373220,1,12,3,0,,"[1, 13, 13, 0, 0, 0]"
GRB080623,25637,95373221,1,7,4,0,,"[2, 6, 7, 0, 0, 0]"
GRB080701,25637,95373222,7,3,0,0,,"[3, 6, 0, 0, 1, 1]"
GRB080702A,25637,95373223,11,1,0,0,Simple,"[10, 0, 2, 0, 0, 0]"
GRB080703,25637,95373224,10,1,4,0,,"[10, 3, 3, 0, 1, 1]"
GRB080707,25637,95373226,0,4,8,0,,"[5, 7, 3, 0, 1, 1]"
GRB080710,25637,95373227,6,5,4,2,,"[7, 7, 6, 0, 0, 2]"
GRB080714,25637,95373229,4,9,1,0,,"[1, 11, 3, 0, 1, 1]"
GRB080721,25637,95373230,11,4,0,0,,"[9, 4, 1, 0, 1, 2]"
GRB080723A,25637,95373232,1,2,9,1,,"[6, 8, 4, 0, 1, 2]"
GRB080725,25637,95373234,9,0,6,0,,"[14, 4, 3, 0, 0, 0]"
GRB080727A,25637,95373235,10,1,1,1,,"[11, 0, 0, 0, 1, 2]"
GRB080727B,25637,95373236,0,0,11,0,Other,"[10, 1, 4, 0, 0, 0]"
GRB080727C,25637,95373237,1,5,8,0,,"[2, 10, 11, 0, 0, 0]"
GRB080802,25637,95373238,2,5,1,6,,"[1, 5, 4, 0, 1, 8]"
GRB080804,25637,95373239,5,6,0,1,,"[0, 11, 0, 0, 0, 1]"
GRB080805,25637,95373241,4,7,0,1,,"[0, 11, 3, 0, 0, 1]"
GRB080810,25637,95373243,0,3,12,1,,"[9, 3, 11, 0, 1, 2]"
GRB080903,25637,95373246,7,10,0,1,,"[0, 15, 4, 0, 0, 1]"
GRB080905A,25637,95373247,11,0,0,1,Simple,"[5, 3, 2, 0, 1, 2]"
GRB080905B,25637,95373248,1,7,5,0,,"[3, 11, 6, 0, 0, 0]"
GRB080906,25637,95373249,6,7,4,1,,"[4, 8, 7, 0, 1, 3]"
GRB080913,25637,95373250,9,3,6,0,,"[10, 3, 8, 0, 1, 1]"
GRB080915A,25637,95373251,1,3,6,4,,"[3, 4, 4, 0, 0, 4]"
GRB080915B,25637,95373253,8,0,0,0,,"[6, 2, 0, 0, 0, 0]"
GRB080916A,25637,95373254,2,9,3,0,,"[2, 11, 7, 0, 0, 0]"
GRB080916B,25637,95373256,1,8,2,2,,"[3, 5, 5, 0, 1, 3]"
GRB080919,25637,95373258,11,1,0,1,,"[8, 2, 0, 0, 2, 3]"
GRB080928,25637,95373259,9,0,4,0,,"[9, 3, 2, 0, 0, 1]"
GRB081007,25637,95373260,9,0,0,0,,"[8, 1, 0, 0, 0, 0]"
GRB081008,25637,95373261,0,4,7,0,,"[8, 2, 4, 0, 0, 0]"
GRB081011,25637,95373263,2,1,4,3,,"[3, 4, 2, 0, 1, 4]"
GRB081012,25637,95373264,8,1,4,1,,"[9, 1, 6, 0, 2, 3]"
GRB081016B,25637,95373266,10,0,0,0,,"[7, 1, 1, 0, 2, 2]"
GRB081022,25637,95373268,4,4,3,0,,"[7, 3, 2, 0, 1, 2]"
GRB081024A,25637,95373270,11,0,0,0,Simple,"[10, 0, 0, 0, 1, 1]"
GRB081028A,25637,95373271,0,5,5,4,,"[4, 5, 3, 0, 2, 7]"
GRB081029,25637,95373272,1,2,2,8,,"[2, 0, 2, 0, 1, 9]"
GRB081101,25637,95373273,11,0,1,0,Simple,"[10, 1, 1, 0, 0, 0]"
GRB081102,25637,95373274,1,6,8,1,,"[5, 8, 8, 0, 0, 1]"
GRB081104,25637,95373275,6,3,1,1,,"[7, 2, 1, 0, 1, 2]"
GRB081105A,25637,95373276,11,1,2,1,,"[8, 3, 1, 0, 2, 3]"
GRB081109A,25637,95373278,6,9,0,0,,"[3, 7, 4, 0, 1, 2]"
GRB081118,25637,95373279,2,4,5,2,,"[6, 3, 5, 0, 0, 2]"
GRB081121,25637,95373281,2,3,7,1,,"[5, 0, 8, 0, 1, 2]"
GRB081126,25637,95373283,1,1,11,0,,"[12, 0, 4, 0, 0, 0]"
GRB081127,25637,95373284,2,0,2,5,,"[3, 0, 1, 0, 2, 7]"
GRB081128,25637,95373286,6,3,4,0,,"[7, 7, 8, 0, 1, 1]"
GRB081203A,25637,95373287,4,5,1,0,,"[4, 5, 5, 0, 0, 0]"
GRB081210,25637,95373288,3,8,3,0,,"[8, 4, 7, 0, 0, 0]"
GRB081211A,25637,95373289,13,0,0,0,Simple,"[9, 3, 3, 0, 0, 0]"
GRB081221,25637,95373291,2,1,7,1,,"[6, 4, 4, 0, 0, 1]"
GRB081222,25637,95373292,5,5,0,0,,"[3, 6, 1, 0, 0, 0]"
GRB081226A,25637,95373294,11,2,1,2,,"[11, 1, 0, 0, 1, 4]"
GRB081228,25637,95373295,12,0,0,1,Simple,"[10, 2, 0, 0, 0, 1]"
GRB081230,25637,95373297,1,2,7,3,,"[4, 4, 6, 0, 1, 5]"
GRB090102,25637,95373299,0,1,11,1,,"[3, 3, 10, 0, 0, 1]"
GRB090107A,25637,95373300,0,4,8,1,,"[10, 1, 3, 0, 0, 1]"
GRB090111,25637,95373301,0,2,9,2,,"[1, 8, 6, 0, 0, 2]"
GRB090113,25637,95373302,1,0,9,0,,"[6, 3, 4, 0, 1, 1]"
GRB090123,25637,95373305,7,7,4,0,,"[8, 4, 8, 0, 0, 0]"
GRB090129,25637,95373306,8,6,1,0,,"[2, 13, 0, 0, 0, 0]"
GRB090201,25637,95373307,1,3,13,1,,"[7, 13, 8, 0, 1, 2]"
GRB090205,25637,95373309,9,2,2,0,,"[11, 2, 1, 0, 0, 0]"
GRB090301A,25637,95373311,0,3,11,0,,"[6, 3, 9, 0, 1, 1]"
GRB090305A,25637,95373313,17,0,3,1,,"[11, 4, 1, 0, 4, 5]"
GRB090307A,25637,95373314,1,0,4,10,,"[2, 1, 5, 0, 1, 11]"
GRB090308A,25637,95373316,0,3,6,6,,"[3, 3, 4, 0, 0, 7]"
GRB090309A,25637,95373317,11,2,0,0,,"[9, 3, 0, 0, 0, 0]"
GRB090313,25637,95373318,0,1,5,5,,"[3, 0, 1, 0, 1, 6]"
GRB090401A,25637,95373321,6,2,14,0,,"[12, 2, 11, 0, 1, 2]"
GRB090401B,25637,95373323,7,6,0,0,,"[4, 7, 1, 0, 2, 2]"
GRB090404,25637,95373324,1,4,10,0,,"[7, 5, 9, 0, 1, 1]"
GRB090407,25637,95373326,1,6,5,6,,"[4, 4, 4, 0, 1, 8]"
GRB090410,25637,95373327,1,4,10,0,,"[10, 3, 3, 0, 1, 1]"
GRB090417A,25637,95373328,6,1,1,5,,"[5, 0, 1, 0, 1, 7]"
GRB090417B,25637,95373330,0,0,0,13,Too Noisy,"[0, 0, 0, 0, 0, 13]"
GRB090418A,25637,95373331,0,5,6,0,,"[5, 3, 8, 0, 1, 1]"
GRB090419,25637,95373332,0,0,1,12,Too Noisy,"[0, 0, 0, 0, 1, 13]"
GRB090422,25637,95373334,1,3,12,0,,"[11, 6, 3, 0, 0, 0]"
GRB090423,25637,95373336,9,2,2,0,,"[8, 3, 3, 0, 1, 1]"
GRB090424,25637,95373338,6,5,2,0,,"[5, 6, 5, 0, 0, 0]"
GRB090426,25637,95373340,10,0,1,0,,"[7, 3, 1, 0, 0, 0]"
GRB090429A,25637,95373341,6,7,2,0,,"[5, 7, 5, 0, 2, 3]"
GRB090429B,25637,95373342,11,1,0,0,Simple,"[10, 1, 1, 0, 1, 1]"
GRB090509,25637,95373344,0,6,6,5,,"[6, 5, 5, 0, 1, 6]"
GRB090510,25637,95373345,5,3,0,0,,"[4, 4, 1, 0, 0, 0]"
GRB090515,25637,95373346,8,0,3,1,,"[6, 2, 0, 0, 3, 4]"
GRB090516A,25637,95373347,4,5,0,1,,"[1, 5, 4, 0, 1, 3]"
GRB090518,25637,95373350,15,10,0,0,,"[15, 5, 2, 0, 2, 3]"
GRB090519,25637,95373351,2,10,3,4,,"[1, 7, 10, 0, 1, 5]"
GRB090529A,25637,95373352,0,9,3,5,,"[1, 10, 2, 0, 0, 5]"
GRB090530,25637,95373354,5,6,2,0,,"[5, 8, 5, 0, 1, 1]"
GRB090531A,25637,95373355,10,2,2,0,,"[12, 1, 2, 0, 0, 0]"
GRB090531B,25637,95373357,0,4,6,1,,"[5, 4, 5, 0, 0, 1]"
GRB090607,25637,95373358,2,6,10,0,,"[15, 1, 2, 0, 0, 0]"
GRB090618,25637,95373359,0,7,11,1,,"[4, 7, 13, 0, 1, 2]"
GRB090621A,25637,95373361,7,0,9,0,,"[7, 2, 1, 0, 6, 8]"
GRB090621B,25637,95373365,11,0,3,1,,"[10, 1, 0, 0, 4, 5]"
GRB090628,25637,95373366,0,2,4,1,,"[3, 1, 4, 0, 0, 1]"
GRB090708,25637,95373368,7,2,11,0,,"[10, 4, 9, 0, 3, 3]"
GRB090709A,25637,95373369,10,6,2,0,,"[13, 3, 8, 0, 0, 0]"
GRB090709B,25637,95373370,2,6,4,0,,"[2, 6, 3, 0, 1, 1]"
GRB090712,25637,95373372,8,5,1,0,,"[10, 2, 4, 0, 0, 1]"
GRB090715A,25637,95373373,6,6,2,0,,"[7, 6, 4, 0, 1, 1]"
GRB090715B,25637,95373374,1,5,10,1,,"[13, 1, 7, 0, 0, 1]"
GRB090720A,25637,95373376,19,1,1,1,,"[16, 3, 0, 0, 2, 3]"
GRB090726,25637,95373379,3,3,8,4,,"[7, 2, 7, 0, 0, 4]"
GRB090727,25637,95373380,3,6,1,3,,"[4, 7, 2, 0, 1, 5]"
GRB090728,25637,95373382,5,8,2,2,,"[1, 9, 4, 0, 1, 3]"
GRB090807A,25637,95373384,0,2,7,9,,"[3, 1, 7, 0, 1, 10]"
GRB090809A,25637,95373385,9,3,2,0,,"[12, 0, 1, 0, 1, 1]"
GRB090812,25637,95373386,1,2,6,2,,"[5, 2, 7, 0, 0, 2]"
GRB090813,25637,95373387,0,6,11,0,,"[6, 9, 4, 0, 0, 0]"
GRB090814A,25637,95373389,0,2,6,7,,"[1, 4, 4, 0, 1, 8]"
GRB090827,25637,95373391,16,0,2,0,,"[13, 2, 0, 0, 3, 3]"
GRB090831C,25637,95373393,6,4,0,2,,"[4, 4, 1, 0, 1, 3]"
GRB090904A,25637,95373394,5,5,3,0,,"[2, 10, 5, 0, 0, 0]"
GRB090904B,25637,95373396,0,5,8,2,,"[3, 1, 7, 0, 1, 4]"
GRB090912,25637,95373398,1,5,10,0,,"[5, 11, 7, 0, 1, 1]"
GRB090916,25637,95373399,3,10,0,1,,"[1, 7, 6, 0, 2, 3]"
GRB090926B,25637,95373400,5,6,0,0,,"[1, 9, 0, 0, 1, 1]"
GRB090927,25637,95373401,12,0,0,0,Simple,"[5, 7, 1, 0, 0, 0]"
GRB090929B,25637,95373403,0,6,5,0,,"[5, 1, 6, 0, 0, 0]"
GRB091018,25637,95373405,12,1,0,0,Simple,"[6, 5, 0, 0, 1, 1]"
GRB091020,25637,95373406,4,6,4,0,,"[5, 8, 7, 0, 1, 1]"
GRB091024,25637,95373408,0,8,4,1,,"[3, 10, 5, 0, 0, 1]"
GRB091026,25637,95373409,13,6,1,0,,"[8, 11, 1, 0, 1, 1]"
GRB091029,25637,95373411,0,3,11,1,,"[9, 2, 6, 0, 0, 1]"
GRB091102,25637,95373412,3,4,6,0,,"[4, 6, 4, 0, 1, 1]"
GRB091104,25637,95373413,1,1,3,13,,"[2, 1, 3, 0, 2, 15]"
GRB091109A,25637,95373415,2,6,3,3,,"[2, 8, 6, 0, 0, 3]"
GRB091109B,25637,95373418,11,0,0,0,Simple,"[8, 0, 0, 0, 3, 3]"
GRB091112,25637,95373420,5,2,2,1,,"[7, 1, 3, 0, 1, 2]"
GRB091127,25637,95373421,7,3,6,0,,"[9, 4, 8, 0, 0, 0]"
GRB091130B,25637,95373423,6,7,2,0,,"[4, 7, 6, 0, 0, 0]"
GRB091208A,25637,95373424,1,12,0,0,Extended,"[4, 9, 1, 0, 1, 1]"
GRB091208B,25637,95373425,0,2,11,0,,"[2, 10, 5, 0, 0, 0]"
GRB091221,25637,95373426,5,3,5,0,,"[8, 2, 6, 0, 1, 1]"
GRB100111A,25637,95373427,13,2,2,0,,"[11, 5, 5, 0, 1, 1]"
GRB100117A,25637,95373429,12,1,1,0,,"[9, 2, 1, 0, 1, 1]"
GRB100119A,25637,95373431,0,5,10,2,,"[6, 1, 11, 0, 0, 2]"
GRB100205A,25637,95373433,3,2,5,2,,"[6, 2, 5, 0, 1, 3]"
GRB100206A,25637,95373435,7,0,2,1,,"[7, 0, 0, 0, 2, 3]"
GRB100212A,25637,95373437,0,6,9,0,,"[12, 3, 5, 0, 0, 0]"
GRB100213A,25637,95373438,10,0,0,0,,"[9, 0, 0, 0, 1, 1]"
GRB100213B,25637,95373439,2,7,2,0,,"[3, 7, 3, 0, 0, 1]"
GRB100219A,25637,95373440,2,0,5,6,,"[3, 0, 3, 0, 2, 9]"
GRB100302A,25637,95373441,1,5,8,2,,"[4, 0, 8, 0, 3, 6]"
GRB100305A,25637,95373443,1,2,8,6,,"[1, 3, 6, 0, 3, 9]"
GRB100316A,25637,95373445,8,1,4,0,,"[4, 3, 3, 0, 4, 4]"
GRB100316B,25637,95373447,11,2,2,0,,"[8, 4, 2, 0, 2, 2]"
GRB100316C,25637,95373448,8,4,5,0,,"[7, 8, 5, 0, 1, 1]"
GRB100316D,25637,95373450,0,2,2,15,,"[1, 2, 2, 0, 0, 15]"
GRB100413A,25637,95373451,0,5,6,3,,"[6, 3, 5, 0, 1, 4]"
GRB100418A,25637,95373452,8,3,9,0,,"[8, 5, 5, 0, 4, 5]"
GRB100420A,25637,95373453,0,0,1,11,Too Noisy,"[0, 0, 1, 0, 0, 11]"
GRB100423A,25637,95373454,4,9,2,0,,"[0, 12, 3, 0, 1, 2]"
GRB100424A,25637,95373457,2,3,2,4,,"[2, 4, 5, 0, 0, 4]"
GRB100425A,25637,95373459,2,3,12,0,,"[6, 5, 8, 0, 2, 2]"
GRB100504A,25637,95373460,5,7,3,0,,"[5, 8, 7, 0, 1, 1]"
GRB100508A,25637,95373463,2,5,6,5,,"[6, 3, 6, 0, 1, 6]"
GRB100513A,25637,95373464,4,3,4,6,,"[2, 4, 4, 0, 2, 8]"
GRB100514A,25637,95373465,4,6,6,2,,"[1, 15, 4, 0, 0, 2]"
GRB100522A,25637,95373466,1,2,8,0,,"[7, 3, 4, 0, 0, 0]"
GRB100526A,25637,95373467,0,0,6,7,,"[2, 2, 5, 0, 0, 7]"
GRB100526B,25637,95373468,1,0,3,6,,"[2, 1, 2, 0, 2, 8]"
GRB100606A,25637,95373470,2,8,3,0,,"[2, 8, 8, 0, 0, 0]"
GRB100614A,25637,95373472,6,3,1,6,,"[3, 6, 3, 0, 1, 7]"
GRB100615A,25637,95373474,0,1,11,0,Other,"[0, 6, 6, 0, 1, 1]"
GRB100619A,25637,95373476,0,1,5,0,,"[4, 1, 2, 0, 0, 1]"
GRB100621A,25637,95373477,5,5,4,0,,"[9, 3, 8, 0, 0, 0]"
GRB100625A,25637,95373479,11,0,0,0,Simple,"[10, 0, 0, 0, 1, 1]"
GRB100628A,25637,95373480,10,1,1,1,,"[9, 0, 1, 0, 2, 4]"
GRB100702A,25637,95373481,13,1,0,1,,"[10, 2, 1, 0, 0, 2]"
GRB100704A,25637,95373482,2,5,3,0,,"[9, 1, 6, 0, 0, 0]"
GRB100719A,25637,95373483,6,6,2,1,,"[4, 7, 4, 0, 3, 4]"
GRB100724A,25637,95373485,14,0,1,0,Simple,"[13, 2, 1, 0, 0, 0]"
GRB100725A,25637,95373487,1,8,5,2,,"[3, 6, 6, 0, 2, 4]"
GRB100725B,25637,95373489,0,1,11,0,Other,"[5, 6, 8, 0, 0, 0]"
GRB100727A,25637,95373491,4,4,5,1,,"[3, 10, 2, 0, 0, 1]"
GRB100728A,25637,95373492,4,5,4,1,,"[4, 2, 9, 0, 0, 1]"
GRB100728B,25637,95373493,9,7,0,1,,"[3, 12, 1, 0, 0, 1]"
GRB100802A,25637,95373494,7,9,2,0,,"[1, 14, 2, 0, 1, 1]"
GRB100805A,25637,95373495,0,5,5,2,,"[3, 1, 6, 0, 1, 3]"
GRB100807A,25637,95373498,11,0,1,0,Simple,"[8, 1, 0, 0, 2, 2]"
GRB100814A,25637,95373501,0,5,7,1,,"[1, 8, 9, 0, 0, 1]"
GRB100816A,25637,95373503,14,0,0,1,Simple,"[11, 1, 0, 0, 2, 3]"
GRB100823A,25637,95373504,5,7,0,0,,"[0, 12, 2, 0, 0, 0]"
GRB100901A,25637,95373505,3,3,4,2,,"[9, 3, 3, 0, 1, 3]"
GRB100902A,25637,95373506,1,1,8,2,,"[1, 6, 3, 0, 0, 2]"
GRB100904A,25637,95373507,1,4,11,0,,"[10, 1, 7, 0, 1, 1]"
GRB100905A,25637,95373508,15,0,0,0,Simple,"[14, 0, 0, 0, 1, 1]"
GRB100906A,25637,95373509,0,3,11,0,,"[3, 8, 9, 0, 1, 1]"
GRB100915A,25637,95373511,1,2,2,5,,"[4, 0, 1, 0, 2, 8]"
GRB100917A,25637,95373515,3,4,2,1,,"[1, 6, 2, 0, 0, 2]"
GRB100924A,25637,95373517,0,1,10,1,,"[4, 3, 8, 0, 1, 2]"
GRB100928A,25637,95373518,13,0,1,1,,"[13, 2, 0, 0, 0, 1]"
GRB101008A,25637,95373519,7,8,0,0,,"[4, 10, 3, 0, 1, 1]"
GRB101011A,25637,95373520,1,7,1,0,,"[1, 8, 4, 0, 0, 0]"
GRB101017A,25637,95373521,1,11,0,1,,"[0, 10, 8, 0, 0, 1]"
GRB101020A,25637,95373522,2,1,3,10,,"[2, 3, 2, 0, 0, 10]"
GRB101023A,25637,95373524,5,2,9,0,,"[13, 7, 4, 0, 0, 0]"
GRB101024A,25637,95373527,1,2,10,0,,"[9, 2, 3, 0, 0, 0]"
GRB101030A,25637,95373528,0,5,11,0,,"[6, 7, 7, 0, 2, 2]"
GRB101117B,25637,95373530,12,0,0,0,Simple,"[8, 3, 0, 0, 1, 1]"
GRB101201A,25637,95373532,4,0,5,5,,"[3, 1, 0, 0, 5, 11]"
GRB101204A,25637,95373533,4,0,3,1,,"[4, 1, 1, 0, 2, 3]"
GRB101213A,25637,95373534,6,9,0,0,,"[0, 14, 1, 0, 0, 0]"
GRB101219A,25637,95373535,11,1,0,0,Simple,"[8, 5, 0, 0, 0, 0]"
GRB101219B,25637,95373536,1,1,6,5,,"[4, 1, 2, 0, 2, 7]"
GRB101224A,25637,95373538,11,0,1,0,Simple,"[7, 2, 2, 0, 1, 1]"
GRB110102A,25637,95373539,0,0,11,0,Other,"[9, 3, 6, 0, 0, 0]"
GRB110106A,25637,95373543,12,1,0,0,Simple,"[9, 4, 0, 0, 0, 0]"
GRB110106B,25637,95373544,1,5,9,1,,"[5, 5, 10, 0, 0, 1]"
GRB110112A,25637,95373545,15,0,3,1,,"[10, 3, 1, 0, 5, 6]"
GRB110119A,25637,95373546,1,4,10,0,,"[3, 2, 10, 0, 1, 1]"
GRB110128A,25637,95373547,1,5,5,4,,"[4, 6, 6, 0, 1, 5]"
GRB110201A,25637,95373548,4,6,6,0,,"[5, 11, 6, 0, 1, 1]"
GRB110205A,25637,95373549,1,4,5,0,,"[5, 3, 6, 0, 0, 0]"
GRB110207A,25637,95373551,0,3,8,2,,"[2, 6, 9, 0, 0, 2]"
GRB110208A,25637,95373553,7,5,3,2,,"[5, 8, 2, 0, 1, 3]"
GRB110210A,25637,95373556,0,0,0,12,Too Noisy,"[0, 0, 0, 0, 0, 12]"
GRB110212A,25637,95373558,13,0,1,0,Simple,"[12, 0, 0, 0, 2, 2]"
GRB110213A,25637,95373559,10,3,5,0,,"[12, 3, 7, 0, 1, 2]"
GRB110223A,25637,95373560,5,4,1,0,,"[2, 8, 1, 0, 1, 1]"
GRB110223B,25637,95373561,1,1,6,5,,"[3, 1, 8, 0, 1, 6]"
GRB110305A,25637,95373562,3,1,6,1,,"[9, 1, 4, 0, 1, 2]"
GRB110312A,25637,95373563,6,2,7,2,,"[7, 3, 6, 0, 2, 4]"
GRB110315A,25637,95373564,0,4,12,2,,"[6, 2, 13, 0, 1, 3]"
GRB110318A,25637,95373566,3,2,7,0,,"[9, 6, 4, 0, 0, 0]"
GRB110318B,25637,95373569,9,0,4,1,,"[11, 1, 3, 0, 0, 1]"
GRB110319A,25637,95373570,1,7,15,0,,"[15, 7, 8, 0, 0, 1]"
GRB110402A,25637,95373573,3,8,2,0,,"[5, 6, 5, 0, 1, 1]"
GRB110407A,25637,95373574,0,6,2,8,,"[2, 2, 5, 0, 1, 9]"
GRB110411A,25637,95373575,0,3,13,0,,"[12, 2, 6, 0, 0, 0]"
GRB110412A,25637,95373576,10,4,3,0,,"[3, 14, 4, 0, 1, 1]"
GRB110414A,25637,95373577,1,3,8,2,,"[6, 5, 5, 0, 1, 3]"
GRB110420A,25637,95373578,9,3,1,0,,"[10, 1, 4, 0, 1, 1]"
GRB110420B,25637,95373579,12,0,6,1,,"[10, 1, 0, 0, 5, 7]"
GRB110422A,25637,95373583,6,4,2,0,,"[8, 3, 6, 0, 0, 0]"
GRB110503A,25637,95373584,12,4,1,0,,"[10, 7, 1, 0, 1, 1]"
GRB110519A,25637,95373586,9,6,0,0,,"[0, 15, 1, 0, 0, 0]"
GRB110520A,25637,95373587,5,7,1,0,,"[2, 11, 3, 0, 0, 0]"
GRB110521A,25637,95373588,4,7,2,4,,"[7, 5, 4, 0, 0, 4]"
GRB110530A,25637,95373589,2,3,6,1,,"[1, 1, 7, 0, 1, 2]"
GRB110610A,25637,95373590,0,2,9,0,,"[4, 2, 8, 0, 2, 2]"
GRB110625A,25637,95373591,1,3,9,0,,"[8, 1, 6, 0, 0, 0]"
GRB110709A,25637,95373592,0,2,8,1,,"[3, 1, 9, 0, 0, 1]"
GRB110709B,25637,95373595,0,0,11,1,Other,"[10, 2, 5, 0, 0, 1]"
GRB110715A,25637,95373598,6,3,5,0,,"[11, 4, 3, 0, 0, 0]"
GRB110719A,25637,95373600,0,4,5,0,,"[0, 5, 7, 0, 0, 0]"
GRB110726A,25637,95373601,15,0,0,0,Simple,"[14, 1, 0, 0, 0, 0]"
GRB110731A,25637,95373602,7,9,2,0,,"[6, 11, 4, 0, 1, 1]"
GRB110801A,25637,95373603,0,3,14,2,,"[9, 10, 6, 0, 1, 3]"
GRB110808A,25637,95373604,5,5,1,1,,"[0, 8, 2, 0, 0, 2]"
GRB110818A,25637,95373605,0,5,6,1,,"[1, 5, 6, 0, 2, 3]"
GRB110820A,25637,95373606,2,5,3,5,,"[3, 4, 3, 0, 3, 9]"
GRB110827A,25637,95373607,1,1,5,2,,"[1, 2, 2, 0, 4, 6]"
GRB110915A,25637,95373609,0,2,7,1,,"[5, 2, 5, 0, 1, 2]"
GRB110921A,25637,95373612,3,1,7,2,,"[3, 2, 7, 0, 2, 4]"
GRB110928A,25637,95373614,4,0,4,6,,"[7, 0, 3, 0, 0, 6]"
GRB111005A,25637,95373616,1,4,5,2,,"[5, 0, 7, 0, 1, 3]"
GRB111008A,25637,95373617,0,6,6,1,,"[9, 1, 4, 0, 0, 1]"
GRB111016A,25637,95373618,0,0,4,11,,"[2, 1, 2, 0, 0, 11]"
GRB111018A,25637,95373619,0,3,9,2,,"[5, 3, 5, 0, 1, 3]"
GRB111020A,25637,95373620,8,0,1,0,,"[7, 0, 1, 0, 1, 1]"
GRB111022A,25637,95373621,13,1,4,0,,"[13, 0, 6, 0, 1, 1]"
GRB111022B,25637,95373623,0,0,3,7,,"[1, 0, 1, 0, 1, 9]"
GRB111026A,25637,95373626,11,1,0,0,Simple,"[6, 6, 0, 0, 0, 0]"
GRB111029A,25637,95373627,6,5,1,1,,"[7, 4, 3, 0, 0, 1]"
GRB111103A,25637,95373629,1,1,8,2,,"[5, 2, 7, 0, 0, 2]"
GRB111103B,25637,95373630,2,6,4,0,,"[8, 5, 6, 0, 0, 0]"
GRB111107A,25637,95373631,6,9,0,1,,"[1, 14, 0, 0, 0, 1]"
GRB111109A,25637,95373633,3,4,10,2,,"[8, 4, 4, 0, 3, 6]"
GRB111117A,25637,95373634,10,0,1,0,,"[6, 2, 1, 0, 1, 2]"
GRB111121A,25637,95373635,4,5,1,1,,"[6, 3, 3, 0, 1, 2]"
GRB111123A,25637,95373638,0,8,4,1,,"[3, 3, 9, 0, 0, 1]"
GRB111129A,25637,95373640,1,1,7,1,,"[5, 1, 3, 0, 0, 1]"
GRB111204A,25637,95373642,3,6,4,2,,"[2, 6, 6, 0, 1, 3]"
GRB111209A,25637,95373643,0,1,4,8,,"[2, 2, 5, 0, 0, 8]"
GRB111210A,25637,95373644,3,2,10,1,,"[7, 2, 5, 0, 3, 4]"
GRB111212A,25637,95373645,1,4,2,3,,"[1, 6, 2, 0, 1, 4]"
GRB111215A,25637,95373646,0,0,1,15,Too Noisy,"[1, 0, 1, 0, 0, 15]"
GRB111225A,25637,95373647,3,5,0,1,,"[2, 7, 2, 0, 0, 1]"
GRB111228A,25637,95373648,0,1,12,0,Other,"[10, 1, 3, 0, 0, 0]"
GRB111229A,25637,95373651,4,6,3,0,,"[6, 5, 5, 0, 2, 2]"
GRB120102A,25637,95373653,6,1,5,1,,"[7, 4, 3, 0, 1, 3]"
GRB120106A,25637,95373655,2,6,2,0,,"[5, 4, 3, 0, 0, 0]"
GRB120116A,25637,95373657,1,5,6,0,,"[6, 10, 7, 0, 0, 0]"
GRB120118B,25637,95373658,9,2,3,0,,"[5, 8, 4, 0, 0, 0]"
GRB120119A,25637,95373659,9,5,0,1,,"[9, 4, 2, 0, 0, 1]"
GRB120121A,25637,95373660,3,3,5,2,,"[3, 2, 6, 0, 0, 2]"
GRB120211A,25637,95373661,0,2,6,5,,"[4, 0, 5, 0, 1, 7]"
GRB120212A,25637,95373662,11,1,1,0,,"[4, 9, 1, 0, 0, 0]"
GRB120213A,25637,95373663,2,8,0,0,,"[0, 10, 0, 0, 0, 0]"
GRB120215A,25637,95373666,4,3,6,3,,"[6, 4, 5, 0, 1, 4]"
GRB120218A,25637,95373667,0,1,11,0,Other,"[5, 2, 9, 0, 0, 0]"
GRB120219A,25637,95373670,1,4,1,10,,"[1, 3, 4, 0, 1, 11]"
GRB120224A,25637,95373671,5,5,1,0,,"[3, 6, 3, 0, 0, 0]"
GRB120229A,25637,95373673,15,0,1,0,Simple,"[13, 2, 0, 0, 1, 1]"
GRB120305A,25637,95373674,8,0,0,1,,"[8, 0, 0, 0, 0, 1]"
GRB120308A,25637,95373675,7,4,0,0,,"[9, 2, 4, 0, 0, 0]"
GRB120311A,25637,95373676,11,1,0,0,Simple,"[7, 2, 2, 0, 0, 0]"
GRB120311B,25637,95373678,0,3,7,1,,"[7, 2, 6, 0, 0, 1]"
GRB120312A,25637,95373681,3,5,3,1,,"[3, 8, 6, 0, 0, 1]"
GRB120320A,25637,95373683,0,1,8,7,,"[4, 0, 3, 0, 1, 9]"
GRB120324A,25637,95373684,2,3,8,1,,"[3, 6, 10, 0, 2, 3]"
GRB120326A,25637,95373685,9,2,5,0,,"[9, 9, 3, 0, 2, 3]"
GRB120327A,25637,95373686,1,3,8,0,,"[5, 4, 6, 0, 0, 0]"
GRB120328A,25637,95373687,0,2,8,2,,"[4, 3, 7, 0, 0, 2]"
GRB120401A,25637,95373689,0,4,1,9,,"[1, 1, 3, 0, 0, 10]"
GRB120403A,25637,95373690,14,0,0,0,Simple,"[12, 1, 2, 0, 0, 0]"
GRB120403B,25637,95373694,5,1,6,1,,"[7, 2, 1, 0, 2, 3]"
GRB120404A,25637,95373696,3,4,1,1,,"[0, 6, 2, 0, 1, 2]"
GRB120422A,25637,95373697,1,4,7,1,,"[5, 2, 7, 0, 0, 1]"
GRB120514A,25637,95373698,3,8,4,1,,"[8, 6, 6, 0, 0, 2]"
GRB120521A,25637,95373699,15,0,0,1,Simple,"[14, 0, 0, 0, 1, 2]"
GRB120521B,25637,95373700,4,9,2,0,,"[1, 11, 5, 0, 1, 2]"
GRB120521C,25637,95373702,5,8,0,0,,"[1, 11, 2, 0, 0, 0]"
GRB120612A,25637,95373703,2,6,3,7,,"[0, 8, 6, 0, 1, 8]"
GRB120624B,25637,95373704,0,3,12,2,,"[10, 3, 12, 0, 0, 2]"
GRB120630A,25637,95373706,11,1,0,0,Simple,"[11, 1, 0, 0, 0, 0]"
GRB120701A,25637,95373708,0,1,13,0,Other,"[4, 4, 9, 0, 0, 0]"
GRB120703A,25637,95373710,11,1,0,0,Simple,"[10, 1, 3, 0, 0, 0]"
GRB120711B,25637,95373711,2,1,1,8,,"[3, 0, 2, 0, 1, 9]"
GRB120712A,25637,95373712,4,2,6,1,,"[4, 3, 7, 0, 0, 1]"
GRB120714A,25637,95373714,4,4,2,0,,"[2, 8, 3, 0, 1, 1]"
GRB120714B,25637,95373716,1,2,1,8,,"[0, 4, 0, 0, 1, 9]"
GRB120722A,25637,95373717,0,1,9,3,,"[5, 0, 8, 0, 0, 3]"
GRB120724A,25637,95373718,2,4,2,9,,"[2, 2, 3, 0, 2, 12]"
GRB120728A,25637,95373721,1,4,5,2,,"[1, 5, 7, 0, 0, 3]"
GRB120729A,25637,95373723,7,9,0,0,,"[2, 13, 0, 0, 0, 0]"
GRB120802A,25637,95373724,3,2,4,0,,"[4, 4, 4, 0, 0, 0]"
GRB120803A,25637,95373725,4,2,2,2,,"[3, 3, 1, 0, 1, 4]"
GRB120803B,25637,95373726,5,9,0,0,,"[2, 12, 1, 0, 0, 0]"
GRB120804A,25637,95373728,11,1,0,0,Simple,"[12, 0, 0, 0, 0, 0]"
GRB120805A,25637,95373730,0,3,3,7,,"[2, 3, 4, 0, 1, 8]"
GRB120807A,25637,95373731,5,5,1,0,,"[2, 7, 3, 0, 0, 0]"
GRB120811A,25637,95373732,3,0,8,0,,"[10, 1, 3, 0, 1, 1]"
GRB120811C,25637,95373735,11,3,0,0,,"[13, 2, 3, 0, 0, 0]"
GRB120815A,25637,95373736,6,5,0,1,,"[2, 9, 0, 0, 0, 1]"
GRB120816A,25637,95373738,10,4,0,0,,"[3, 9, 0, 0, 2, 2]"
GRB120817A,25637,95373739,0,4,7,1,,"[4, 2, 8, 0, 1, 2]"
GRB120817B,25637,95373740,5,0,7,2,,"[5, 0, 0, 0, 7, 9]"
GRB120819A,25637,95373742,2,4,4,8,,"[2, 3, 7, 0, 1, 9]"
GRB120907A,25637,95373743,4,1,1,0,,"[1, 2, 2, 0, 1, 2]"
GRB120909A,25637,95373744,0,6,5,4,,"[1, 7, 7, 0, 2, 6]"
GRB120911A,25637,95373745,2,4,7,0,,"[9, 4, 4, 0, 0, 0]"
GRB120913A,25637,95373746,2,3,13,0,,"[9, 9, 5, 0, 2, 2]"
GRB120913B,25637,95373748,2,3,7,1,,"[8, 2, 7, 0, 1, 2]"
GRB120918A,25637,95373751,0,9,5,0,,"[8, 4, 7, 0, 0, 0]"
GRB120922A,25637,95373753,0,2,12,1,,"[7, 6, 10, 0, 0, 1]"
GRB120923A,25637,95373754,1,0,9,7,,"[2, 1, 6, 0, 2, 10]"
GRB120927A,25637,95373756,7,5,6,0,,"[5, 14, 9, 0, 0, 0]"
GRB121001A,25637,95373757,3,3,2,9,,"[0, 6, 3, 0, 1, 10]"
GRB121011A,25637,95373758,1,11,0,0,Extended,"[5, 7, 2, 0, 0, 0]"
GRB121014A,25637,95373759,0,1,10,1,,"[10, 2, 7, 0, 0, 1]"
GRB121017A,25637,95373760,7,1,2,0,,"[6, 1, 1, 0, 2, 2]"
GRB121024A,25637,95373762,3,9,3,1,,"[6, 5, 8, 0, 0, 1]"
GRB121027A,25637,95373765,4,6,4,1,,"[5, 7, 7, 0, 0, 1]"
GRB121028A,25637,95373766,9,0,0,0,,"[7, 1, 0, 0, 1, 1]"
GRB121031A,25637,95373767,0,4,7,0,,"[7, 4, 5, 0, 0, 0]"
GRB121102A,25637,95373769,4,8,2,0,,"[3, 10, 4, 0, 0, 0]"
GRB121108A,25637,95373770,0,2,11,2,,"[4, 2, 8, 0, 2, 4]"
GRB121117A,25637,95373772,7,6,2,0,,"[5, 11, 5, 0, 0, 0]"
GRB121123A,25637,95373773,8,3,2,0,,"[4, 8, 3, 0, 0, 0]"
GRB121125A,25637,95373774,0,6,4,1,,"[3, 5, 4, 0, 1, 2]"
GRB121128A,25637,95373776,3,3,9,0,,"[8, 5, 12, 0, 0, 0]"
GRB121201A,25637,95373778,0,2,11,4,,"[6, 2, 10, 0, 0, 4]"
GRB121202A,25637,95373780,1,3,8,3,,"[3, 4, 8, 0, 1, 4]"
GRB121209A,25637,95373782,0,2,12,3,,"[9, 5, 9, 0, 0, 3]"
GRB121211A,25637,95373783,0,3,4,3,,"[4, 1, 5, 0, 0, 3]"
GRB121212A,25637,95373784,9,2,5,1,,"[11, 5, 1, 0, 1, 2]"
GRB121217A,25637,95373785,0,0,10,2,,"[4, 5, 7, 0, 0, 2]"
GRB121226A,25637,95373786,15,0,1,0,Simple,"[16, 0, 0, 0, 0, 0]"
GRB121229A,25637,95373788,1,1,2,12,,"[2, 0, 2, 0, 1, 13]"
GRB130102A,25637,95373790,1,3,0,9,,"[0, 4, 1, 0, 1, 10]"
GRB130122A,25637,95373793,2,3,1,6,,"[0, 4, 4, 0, 1, 7]"
GRB130131A,25637,95373794,3,6,6,0,,"[7, 7, 4, 0, 0, 0]"
GRB130131B,25637,95373795,7,5,5,0,,"[5, 9, 4, 0, 3, 3]"
GRB130206A,25637,95373797,0,6,4,2,,"[5, 2, 6, 0, 0, 2]"
GRB130211A,25637,95373798,1,7,3,5,,"[3, 7, 7, 0, 0, 5]"
GRB130215A,25637,95373799,4,8,3,1,,"[2, 8, 3, 0, 2, 3]"
GRB130216A,25637,95373800,8,2,4,0,,"[7, 2, 4, 0, 3, 3]"
GRB130305A,25637,95373802,8,0,3,2,,"[8, 0, 1, 0, 3, 5]"
GRB130306A,25637,95373804,1,9,1,0,,"[1, 9, 4, 0, 0, 0]"
GRB130313A,25637,95373805,12,0,1,0,Simple,"[11, 0, 1, 0, 0, 0]"
GRB130315A,25637,95373807,0,5,13,2,,"[7, 14, 11, 0, 0, 2]"
GRB130327A,25637,95373808,12,0,1,0,Simple,"[10, 2, 2, 0, 0, 0]"
GRB130408A,25637,95373811,9,4,1,0,,"[10, 4, 2, 0, 2, 2]"
GRB130418A,25637,95373812,1,2,1,15,,"[0, 3, 0, 0, 1, 17]"
GRB130419A,25637,95373813,3,1,3,6,,"[0, 6, 2, 0, 1, 7]"
GRB130420A,25637,95373814,10,1,2,0,,"[11, 1, 3, 0, 1, 1]"
GRB130420B,25637,95373817,14,2,1,1,,"[12, 5, 0, 0, 1, 2]"
GRB130427A,25637,95373818,5,6,3,0,,"[3, 10, 2, 0, 0, 0]"
GRB130427B,25637,95373819,4,6,0,0,,"[2, 7, 2, 0, 0, 0]"
GRB130502A,25637,95373821,7,3,2,1,,"[4, 6, 2, 0, 1, 2]"
GRB130504A,25637,95373823,1,4,3,0,,"[2, 5, 2, 0, 0, 0]"
GRB130505A,25637,95373824,9,10,1,0,,"[8, 11, 1, 0, 2, 2]"
GRB130508A,25637,95373825,2,4,4,4,,"[1, 7, 3, 0, 2, 6]"
GRB130511A,25637,95373826,8,0,1,0,,"[4, 2, 1, 0, 2, 2]"
GRB130514A,25637,95373827,1,7,7,0,,"[3, 11, 7, 0, 1, 1]"
GRB130515A,25637,95373830,12,0,0,1,Simple,"[12, 0, 0, 0, 0, 1]"
GRB130518A,25637,95373832,2,1,10,3,,"[2, 1, 1, 0, 9, 12]"
GRB130521A,25637,95373833,15,3,0,0,,"[10, 8, 1, 0, 0, 0]"
GRB130527A,25637,95373835,4,8,4,0,,"[9, 7, 6, 0, 0, 0]"
GRB130528A,25637,95373837,6,5,3,0,,"[5, 8, 4, 0, 0, 0]"
GRB130529A,25637,95373838,1,4,5,7,,"[5, 2, 7, 0, 0, 7]"
GRB130603A,25637,95373839,3,6,2,1,,"[6, 4, 3, 0, 0, 1]"
GRB130603B,25637,95373840,10,0,0,1,,"[9, 0, 0, 0, 1, 2]"
GRB130604A,25637,95373841,2,5,0,2,,"[0, 6, 2, 0, 0, 2]"
GRB130605A,25637,95373844,9,3,1,0,,"[9, 1, 2, 0, 2, 2]"
GRB130606A,25637,95373845,7,2,9,0,,"[15, 1, 3, 0, 0, 0]"
GRB130608A,25637,95373846,0,3,2,9,,"[2, 2, 1, 0, 0, 10]"
GRB130609A,25637,95373849,9,2,1,0,,"[5, 7, 0, 0, 1, 1]"
GRB130609B,25637,95373851,1,6,8,0,,"[3, 8, 3, 0, 1, 2]"
GRB130610A,25637,95373852,9,7,1,0,,"[4, 14, 3, 0, 0, 0]"
GRB130612A,25637,95373853,15,2,0,0,,"[11, 5, 1, 0, 0, 0]"
GRB130615A,25637,95373854,0,1,0,12,Too Noisy,"[0, 1, 1, 0, 0, 12]"
GRB130625A,25637,95373855,14,2,5,0,,"[14, 2, 6, 0, 3, 3]"
GRB130626A,25637,95373857,13,0,2,0,,"[11, 1, 1, 0, 2, 2]"
GRB130627A,25637,95373859,4,2,4,0,,"[3, 2, 3, 0, 3, 3]"
GRB130627B,25637,95373860,4,6,1,0,,"[4, 7, 3, 0, 0, 1]"
GRB130701A,25637,95373862,13,1,1,1,,"[8, 6, 1, 0, 1, 2]"
GRB130716A,25637,95373864,9,6,2,2,,"[11, 5, 5, 0, 1, 3]"
GRB130719A,25637,95373865,4,0,1,5,,"[0, 3, 1, 0, 2, 8]"
GRB130722A,25637,95373866,3,2,7,0,,"[9, 1, 8, 0, 0, 0]"
GRB130725A,25637,95373867,2,3,1,5,,"[5, 1, 1, 0, 0, 5]"
GRB130725B,25637,95373868,8,3,0,0,,"[1, 10, 0, 0, 0, 0]"
GRB130727A,25637,95373871,5,5,2,0,,"[5, 3, 5, 0, 1, 1]"
GRB130803A,25637,95373872,3,6,8,0,,"[10, 7, 2, 0, 0, 0]"
GRB130806A,25637,95373874,10,2,12,0,,"[15, 4, 5, 0, 2, 2]"
GRB130807A,25637,95373876,4,8,2,2,,"[5, 10, 2, 0, 1, 3]"
GRB130812A,25637,95373877,1,3,9,2,,"[2, 4, 8, 0, 1, 3]"
GRB130816A,25637,95373879,2,1,10,0,,"[10, 0, 4, 0, 1, 1]"
GRB130816B,25637,95373880,11,0,0,0,Simple,"[7, 0, 0, 0, 4, 4]"
GRB130822A,25637,95373881,2,0,4,10,,"[2, 2, 1, 0, 1, 12]"
GRB130829A,25637,95373882,7,4,4,1,,"[12, 2, 4, 0, 1, 3]"
GRB130831A,25637,95373883,2,9,3,1,,"[2, 13, 1, 0, 0, 1]"
GRB130831B,25637,95373885,5,5,2,1,,"[7, 4, 4, 0, 0, 1]"
GRB130907A,25637,95373887,1,3,5,2,,"[4, 3, 5, 0, 1, 3]"
GRB130912A,25637,95373889,14,0,1,1,,"[13, 1, 2, 0, 0, 1]"
GRB130919A,25637,95373890,0,3,4,8,,"[4, 1, 5, 0, 1, 9]"
GRB130925A,25637,95373893,3,9,1,2,,"[2, 10, 4, 0, 0, 2]"
GRB130929A,25637,95373894,7,4,0,0,,"[5, 5, 1, 0, 1, 1]"
GRB131002A,25637,95373895,1,1,9,1,,"[5, 6, 3, 0, 0, 1]"
GRB131002B,25637,95373896,3,3,2,1,,"[1, 6, 2, 0, 0, 1]"
GRB131004A,25637,95373898,13,1,1,0,,"[8, 6, 2, 0, 0, 0]"
GRB131018A,25637,95373900,2,2,4,7,,"[4, 2, 4, 0, 0, 7]"
GRB131024A,25637,95373902,1,3,10,5,,"[4, 5, 6, 0, 1, 7]"
GRB131024B,25637,95373903,2,2,3,8,,"[0, 4, 3, 0, 1, 9]"
GRB131030A,25637,95373904,9,4,0,0,,"[5, 6, 2, 0, 1, 1]"
GRB131031A,25637,95373906,2,3,9,3,,"[3, 4, 5, 0, 3, 6]"
GRB131103A,25637,95373907,3,2,8,1,,"[6, 3, 6, 0, 4, 5]"
GRB131105A,25637,95373908,1,0,5,1,,"[5, 0, 4, 0, 0, 1]"
GRB131117A,25637,95373910,3,4,4,1,,"[5, 6, 5, 0, 0, 1]"
GRB131120A,25637,95373911,0,0,1,11,Too Noisy,"[0, 0, 0, 0, 1, 12]"
GRB131127A,25637,95373914,0,2,14,1,,"[6, 3, 11, 0, 1, 2]"
GRB131128A,25637,95373916,11,0,0,0,Simple,"[9, 1, 0, 0, 1, 1]"
GRB131202A,25637,95373917,2,6,0,0,,"[3, 6, 0, 0, 0, 1]"
GRB131205A,25637,95373918,0,1,9,1,,"[4, 3, 2, 0, 1, 2]"
GRB131226A,25637,95373919,4,7,2,0,,"[4, 6, 3, 0, 2, 2]"
GRB131227A,25637,95373921,2,7,7,1,,"[1, 11, 7, 0, 0, 1]"
GRB131229A,25637,95373922,3,3,4,0,,"[5, 3, 5, 0, 0, 0]"
GRB140102A,25637,95373924,12,2,0,0,,"[9, 4, 1, 0, 0, 0]"
GRB140103A,25637,95373925,7,0,4,1,,"[10, 1, 1, 0, 0, 1]"
GRB140108A,25637,95373927,0,1,13,0,Other,"[11, 1, 4, 0, 0, 0]"
GRB140114A,25637,95373929,10,1,3,2,,"[11, 0, 4, 0, 1, 3]"
GRB140118A,25637,95373930,3,0,11,0,,"[10, 1, 5, 0, 0, 0]"
GRB140129A,25637,95373931,10,1,1,0,,"[7, 5, 2, 0, 0, 0]"
GRB140129B,25637,95373932,12,0,1,0,Simple,"[12, 1, 0, 0, 0, 0]"
GRB140206A,25637,95373933,0,2,10,0,,"[6, 5, 5, 0, 0, 0]"
GRB140209A,25637,95373936,13,2,1,0,,"[10, 4, 2, 0, 2, 2]"
GRB140211A,25637,95373937,2,9,0,2,,"[2, 7, 2, 0, 1, 3]"
GRB140213A,25637,95373939,2,3,3,1,,"[3, 3, 4, 0, 1, 2]"
GRB140215A,25637,95373941,6,10,1,0,,"[1, 16, 3, 0, 0, 0]"
GRB140301A,25637,95373943,2,3,2,3,,"[3, 1, 2, 0, 1, 4]"
GRB140302A,25637,95373944,3,8,0,1,,"[2, 9, 2, 0, 0, 1]"
GRB140304A,25637,95373945,0,1,7,1,,"[3, 4, 3, 0, 0, 1]"
GRB140305A,25637,95373946,3,8,3,0,,"[1, 12, 6, 0, 0, 0]"
GRB140311A,25637,95373948,0,1,5,15,,"[3, 0, 4, 0, 0, 16]"
GRB140318A,25637,95373949,5,2,4,2,,"[3, 4, 3, 0, 1, 5]"
GRB140320A,25637,95373950,11,0,0,0,Simple,"[8, 1, 1, 0, 1, 1]"
GRB140323A,25637,95373952,0,3,7,0,,"[4, 3, 9, 0, 0, 0]"
GRB140331A,25637,95373956,1,0,1,10,,"[1, 0, 0, 0, 2, 12]"
GRB140408A,25637,95373957,21,1,2,0,,"[13, 9, 1, 0, 0, 0]"
GRB140412A,25637,95373958,7,4,5,0,,"[6, 10, 4, 0, 0, 0]"
GRB140413A,25637,95373959,9,2,5,2,,"[5, 3, 7, 0, 1, 4]"
GRB140419A,25637,95373960,0,5,10,0,,"[5, 8, 7, 0, 1, 1]"
GRB140423A,25637,95373961,8,1,4,0,,"[10, 1, 3, 0, 1, 1]"
GRB140428A,25637,95373963,0,2,9,2,,"[6, 1, 6, 0, 0, 3]"
GRB140430A,25637,95373964,6,1,4,0,,"[10, 1, 3, 0, 0, 0]"
GRB140502A,25637,95373966,5,9,2,0,,"[3, 11, 4, 0, 0, 0]"
GRB140506A,25637,95373969,6,6,2,0,,"[11, 2, 1, 0, 1, 1]"
GRB140509A,25637,95373970,4,4,2,0,,"[2, 5, 3, 0, 0, 0]"
GRB140512A,25637,95373971,0,1,13,1,,"[14, 0, 3, 0, 0, 1]"
GRB140515A,25637,95373972,0,3,12,1,,"[6, 3, 11, 0, 1, 2]"
GRB140516A,25637,95373973,11,1,0,3,,"[8, 3, 0, 0, 1, 4]"
GRB140518A,25637,95373974,0,2,13,0,,"[6, 4, 8, 0, 3, 3]"
GRB140521A,25637,95373977,4,6,1,0,,"[1, 10, 1, 0, 0, 0]"
GRB140606A,25637,95373978,10,0,1,1,,"[8, 1, 0, 0, 2, 3]"
GRB140607A,25637,95373979,1,1,1,10,,"[2, 1, 1, 0, 1, 11]"
GRB140610A,25637,95373983,2,7,1,2,,"[0, 6, 5, 0, 1, 3]"
GRB140611A,25637,95373984,3,1,10,2,,"[7, 0, 5, 0, 3, 5]"
GRB140614A,25637,95373985,1,0,3,8,,"[2, 2, 3, 0, 1, 9]"
GRB140614B,25637,95373986,2,7,2,2,,"[3, 6, 6, 0, 0, 2]"
GRB140619A,25637,95373987,5,2,5,0,,"[9, 3, 6, 0, 0, 0]"
GRB140622A,25637,95373988,4,1,1,3,,"[4, 0, 1, 0, 1, 4]"
GRB140626A,25637,95373990,0,3,7,0,,"[5, 3, 6, 0, 1, 1]"
GRB140628A,25637,95373991,6,3,3,0,,"[2, 8, 4, 0, 0, 0]"
GRB140629A,25637,95373992,0,2,6,0,,"[6, 3, 4, 0, 0, 0]"
GRB140703A,25637,95373997,4,8,6,0,,"[5, 13, 10, 0, 1, 1]"
GRB140706A,25637,95373998,0,3,14,1,,"[12, 4, 7, 0, 0, 1]"
GRB140709A,25637,95373999,0,3,8,0,,"[5, 4, 9, 0, 0, 0]"
GRB140709B,25637,95374000,0,6,8,1,,"[7, 1, 10, 0, 1, 2]"
GRB140710A,25637,95374001,15,3,0,0,,"[8, 11, 0, 0, 0, 0]"
GRB140713A,25637,95374002,2,3,13,0,,"[11, 4, 7, 0, 0, 0]"
GRB140716A-2,25637,95374003,12,0,3,4,,"[12, 1, 0, 0, 2, 6]"
GRB140719A,25637,95374005,4,4,6,0,,"[4, 8, 6, 0, 2, 2]"
GRB140719B,25637,95374006,5,4,4,3,,"[3, 6, 4, 0, 1, 5]"
GRB140730A,25637,95374010,2,3,9,4,,"[8, 4, 8, 0, 0, 4]"
GRB140817A,25637,95374011,4,5,6,0,,"[13, 2, 7, 0, 0, 0]"
GRB140818B,25637,95374012,6,8,1,0,,"[6, 3, 4, 0, 2, 3]"
GRB140824A,25637,95374013,12,0,0,1,Simple,"[9, 3, 1, 0, 0, 1]"
GRB140828A,25637,95374014,2,2,3,0,,"[6, 0, 3, 0, 0, 0]"
GRB140903A,25637,95374016,13,0,0,0,Simple,"[11, 0, 1, 0, 1, 1]"
GRB140907A,25637,95374017,12,1,3,0,,"[11, 1, 7, 0, 1, 1]"
GRB140916A,25637,95374019,0,3,3,5,,"[2, 3, 3, 0, 1, 7]"
GRB140919A,25637,95374023,1,1,5,0,,"[3, 3, 4, 0, 0, 0]"
GRB140927A,25637,95374024,0,2,13,1,,"[9, 0, 5, 0, 4, 5]"
GRB140930B,25637,95374025,11,1,0,0,Simple,"[7, 4, 1, 0, 0, 0]"
GRB141004A,25637,95374026,14,5,0,0,,"[8, 11, 3, 0, 0, 0]"
GRB141005A,25637,95374027,15,2,0,0,,"[11, 5, 0, 0, 1, 1]"
GRB141015A,25637,95374028,7,8,1,0,,"[1, 11, 7, 0, 0, 0]"
GRB141017A,25637,95374029,5,1,8,0,,"[7, 6, 5, 0, 0, 0]"
GRB141020A,25637,95374030,0,3,10,3,,"[8, 1, 10, 0, 0, 3]"
GRB141022A,25637,95374031,8,2,5,2,,"[13, 0, 2, 0, 2, 4]"
GRB141026A,25637,95374033,2,0,3,6,,"[2, 0, 0, 0, 1, 8]"
GRB141031A,25637,95374037,4,4,3,3,,"[8, 5, 0, 0, 1, 4]"
GRB141031B,25637,95374039,0,0,8,2,,"[2, 1, 4, 0, 3, 6]"
GRB141102A,25637,95374040,9,2,4,1,,"[7, 6, 0, 0, 2, 3]"
GRB141109A,25637,95374041,1,4,6,0,,"[7, 5, 7, 0, 0, 0]"
GRB141109B,25637,95374042,0,0,5,9,,"[4, 1, 2, 0, 1, 10]"
GRB141121A,25637,95374043,1,0,1,10,,"[1, 1, 1, 0, 1, 11]"
GRB141130A,25637,95374044,0,5,10,0,,"[4, 5, 15, 0, 0, 0]"
GRB141212A,25637,95374045,9,0,0,0,,"[8, 1, 0, 0, 0, 0]"
GRB141212B,25637,95374047,3,2,10,0,,"[9, 1, 11, 0, 0, 0]"
GRB141220A,25637,95374050,1,5,6,1,,"[3, 8, 7, 0, 1, 2]"
GRB141221A,25637,95374051,1,1,8,0,,"[5, 4, 4, 0, 0, 0]"
GRB141225A,25637,95374053,3,9,0,3,,"[2, 10, 1, 0, 0, 3]"
GRB150101A,25637,95374054,3,0,4,7,,"[4, 0, 0, 0, 3, 10]"
GRB150103A,25637,95374056,2,5,4,2,,"[2, 5, 4, 0, 1, 4]"
GRB150110B,25637,95374057,0,3,4,0,,"[3, 1, 4, 0, 0, 0]"
GRB150120A,25637,95374058,14,0,0,0,Simple,"[9, 3, 0, 0, 2, 2]"
GRB150120B,25637,95374060,4,0,10,0,,"[6, 5, 9, 0, 0, 1]"
GRB150201A,25637,95374061,7,8,3,0,,"[6, 10, 6, 0, 1, 1]"
GRB150202A,25637,95374064,0,3,8,0,,"[5, 4, 4, 0, 3, 3]"
GRB150203A,25637,95374065,3,6,6,1,,"[1, 5, 10, 0, 1, 2]"
GRB150206A,25637,95374067,7,3,7,0,,"[12, 3, 5, 0, 1, 1]"
GRB150211A,25637,95374068,1,4,9,0,,"[7, 4, 5, 0, 1, 1]"
GRB150212A,25637,95374069,7,5,1,0,,"[0, 13, 1, 0, 0, 0]"
GRB150213B,25637,95374070,0,6,1,5,,"[0, 7, 0, 0, 1, 6]"
GRB150222A,25637,95374071,4,3,7,0,,"[5, 8, 3, 0, 2, 2]"
GRB150301A,25637,95374073,10,0,0,1,,"[9, 0, 0, 0, 1, 2]"
GRB150301B,25637,95374075,7,11,1,0,,"[4, 15, 3, 0, 0, 0]"
GRB150302A,25637,95374077,3,4,1,2,,"[1, 4, 3, 0, 1, 3]"
GRB150309A,25637,95374079,6,7,4,0,,"[8, 6, 7, 0, 1, 1]"
GRB150314A,25637,95374081,10,7,0,0,,"[3, 14, 0, 0, 1, 1]"
GRB150317A,25637,95374082,0,4,8,0,,"[3, 5, 8, 0, 1, 1]"
GRB150318A,25637,95374083,2,3,5,1,,"[4, 3, 6, 0, 0, 1]"
GRB150323A,25637,95374085,3,1,9,0,,"[2, 11, 3, 0, 0, 0]"
GRB150323B,25637,95374086,6,2,10,3,,"[3, 5, 2, 0, 9, 12]"
GRB150323C,25637,95374088,1,2,4,5,,"[3, 3, 2, 0, 0, 5]"
GRB150403A,25637,95374091,11,2,2,0,,"[11, 3, 1, 0, 0, 0]"
GRB150413A,25637,95374092,2,5,4,1,,"[9, 3, 4, 0, 0, 1]"
GRB150423A,25637,95374093,11,0,0,2,,"[11, 0, 0, 0, 0, 2]"
GRB150428A,25637,95374094,1,3,5,1,,"[3, 1, 7, 0, 0, 1]"
GRB150428B,25637,95374096,0,2,8,1,,"[5, 6, 6, 0, 0, 1]"
GRB150430A,25637,95374097,1,6,11,1,,"[11, 5, 8, 0, 1, 2]"
GRB150513A,25637,95374099,0,2,16,1,,"[14, 6, 10, 0, 1, 2]"
GRB150527A,25637,95374100,0,4,8,1,,"[6, 2, 8, 0, 1, 2]"
GRB150530A,25637,95374102,12,0,1,0,Simple,"[11, 0, 2, 0, 0, 0]"
GRB150607A,25637,95374105,0,3,19,0,,"[10, 8, 13, 0, 1, 2]"
GRB150615A,25637,95374106,2,7,4,2,,"[1, 10, 4, 0, 0, 2]"
GRB150616A,25637,95374107,3,7,4,1,,"[7, 4, 6, 0, 1, 2]"
GRB150626A,25637,95374108,4,5,2,0,,"[2, 9, 0, 0, 0, 0]"
GRB150626B,25637,95374109,11,3,2,0,,"[10, 3, 2, 0, 1, 1]"
GRB150710A,25637,95374111,14,0,1,0,Simple,"[15, 0, 0, 0, 0, 0]"
GRB150711A,25637,95374112,5,4,7,0,,"[13, 2, 6, 0, 0, 0]"
GRB150716A,25637,95374113,7,7,3,0,,"[2, 12, 4, 0, 1, 1]"
GRB150720A,25637,95374116,0,0,3,12,,"[0, 0, 1, 0, 2, 14]"
GRB150722A,25637,95374119,0,0,2,11,,"[0, 0, 0, 0, 2, 13]"
GRB150724A,25637,95374120,0,3,7,2,,"[4, 3, 7, 0, 0, 2]"
GRB150727A,25637,95374121,3,8,0,0,,"[1, 9, 2, 0, 0, 0]"
GRB150728A,25637,95374122,12,0,0,0,Simple,"[8, 1, 1, 0, 2, 2]"
GRB150801B,25637,95374123,1,4,6,2,,"[8, 2, 6, 0, 0, 2]"
GRB150811A,25637,95374125,1,5,2,4,,"[0, 6, 3, 0, 1, 5]"
GRB150817A,25637,95374126,4,4,9,0,,"[8, 6, 14, 0, 0, 0]"
GRB150818A,25637,95374128,6,10,1,0,,"[5, 11, 1, 0, 1, 1]"
GRB150819A,25637,95374130,1,1,2,10,,"[1, 1, 1, 0, 0, 11]"
GRB150821A,25637,95374132,2,7,3,1,,"[3, 7, 7, 0, 0, 1]"
GRB150831A,25637,95374133,10,1,0,0,,"[9, 1, 0, 0, 1, 1]"
GRB150831B,25637,95374135,7,6,2,0,,"[8, 4, 5, 0, 0, 0]"
GRB150901A,25637,95374136,1,0,8,9,,"[4, 3, 5, 0, 2, 11]"
GRB150907B,25637,95374137,4,10,1,0,,"[0, 12, 5, 0, 1, 1]"
GRB150910A,25637,95374139,0,0,3,9,,"[0, 2, 3, 0, 1, 10]"
GRB150911A,25637,95374140,11,0,0,0,Simple,"[10, 1, 0, 0, 0, 0]"
GRB150915A,25637,95374142,0,0,1,17,Too Noisy,"[1, 0, 0, 0, 0, 17]"
GRB150925A,25637,95374145,1,7,2,5,,"[0, 6, 5, 0, 1, 6]"
GRB151001A,25637,95374146,6,6,4,1,,"[7, 4, 4, 0, 3, 4]"
GRB151001B,25637,95374147,1,0,0,11,Too Noisy,"[1, 0, 0, 0, 0, 11]"
GRB151004A,25637,95374148,1,1,3,13,,"[2, 0, 3, 0, 0, 14]"
GRB151006A,25637,95374149,7,11,2,0,,"[1, 17, 4, 0, 0, 0]"
GRB151021A,25637,95374151,6,10,2,0,,"[3, 15, 8, 0, 0, 0]"
GRB151022A,25637,95374152,2,3,0,12,,"[1, 4, 2, 0, 0, 12]"
GRB151023A,25637,95374153,6,2,3,0,,"[3, 7, 2, 0, 0, 0]"
GRB151027A,25637,95374156,1,5,8,0,,"[10, 4, 6, 0, 1, 1]"
GRB151027B,25637,95374158,2,4,6,3,,"[5, 1, 8, 0, 2, 5]"
GRB151029A,25637,95374160,7,4,2,1,,"[3, 10, 2, 0, 0, 1]"
GRB151031A,25637,95374161,15,1,0,1,,"[11, 2, 1, 0, 1, 2]"
GRB151111A,25637,95374162,8,5,2,0,,"[1, 12, 2, 0, 1, 1]"
GRB151112A,25637,95374163,2,8,2,0,,"[0, 10, 5, 0, 0, 1]"
GRB151114A,25637,95374164,10,1,1,0,,"[10, 0, 1, 0, 2, 2]"
GRB151118A,25637,95374165,0,2,5,0,,"[1, 6, 4, 0, 0, 0]"
GRB151127A,25637,95374167,11,0,1,2,,"[9, 1, 0, 0, 2, 4]"
GRB151205A,25637,95374169,3,6,2,3,,"[0, 8, 5, 0, 0, 3]"
GRB151205B,25637,95374172,10,2,1,1,,"[9, 4, 1, 0, 1, 2]"
GRB151210A,25637,95374174,0,1,10,0,,"[7, 0, 7, 0, 1, 1]"
GRB151215A,25637,95374175,3,2,12,3,,"[2, 10, 4, 0, 2, 6]"
GRB151228A,25637,95374176,13,0,0,0,Simple,"[10, 1, 0, 0, 1, 2]"
GRB151228B,25637,95374177,7,4,3,0,,"[2, 10, 3, 0, 0, 0]"
GRB151229A,25637,95374178,8,1,0,0,,"[6, 2, 1, 0, 0, 0]"
GRB160104A,25637,95374180,0,4,10,0,,"[4, 10, 3, 0, 1, 1]"
GRB160117A,25637,95374182,2,3,9,0,,"[10, 1, 4, 0, 2, 2]"
GRB160117B,25637,95374184,11,4,1,1,,"[7, 6, 2, 0, 2, 3]"
GRB160119A,25637,95374186,9,0,5,0,,"[14, 1, 2, 0, 0, 0]"
GRB160121A,25637,95374187,9,4,1,2,,"[5, 9, 3, 0, 0, 2]"
GRB160123A,25637,95374188,15,0,0,0,Simple,"[14, 0, 1, 0, 0, 0]"
GRB160127A,25637,95374190,4,0,5,1,,"[4, 2, 4, 0, 1, 2]"
GRB160131A,25637,95374191,10,11,0,0,,"[6, 15, 2, 0, 0, 1]"
GRB160203A,25637,95374192,3,5,4,3,,"[4, 3, 4, 0, 1, 4]"
GRB160216A,25637,95374193,2,2,7,0,,"[6, 4, 7, 0, 0, 0]"
GRB160220A,25637,95374195,6,3,4,1,,"[8, 3, 4, 0, 0, 1]"
GRB160220B,25637,95374198,12,2,1,0,,"[11, 5, 2, 0, 1, 1]"
GRB160223A,25637,95374200,0,0,10,0,,"[8, 4, 6, 0, 0, 0]"
GRB160225A,25637,95374201,0,2,4,9,,"[1, 2, 6, 0, 1, 10]"
GRB160227A,25637,95374202,0,3,11,3,,"[0, 9, 7, 0, 1, 4]"
GRB160228A,25637,95374203,0,9,3,0,,"[2, 8, 8, 0, 1, 1]"
GRB160303A,25637,95374204,13,6,0,0,,"[15, 3, 1, 0, 0, 0]"
GRB160313A,25637,95374205,1,1,7,8,,"[4, 3, 6, 0, 1, 10]"
GRB160314A,25637,95374206,6,2,1,1,,"[3, 6, 2, 0, 0, 1]"
GRB160321A,25637,95374208,3,4,4,4,,"[5, 0, 6, 0, 1, 6]"
GRB160325A,25637,95374211,0,5,7,1,,"[10, 2, 6, 0, 0, 1]"
GRB160327A,25637,95374214,4,4,1,0,,"[2, 7, 2, 0, 0, 1]"
GRB160408A,25637,95374215,13,1,0,0,Simple,"[11, 1, 2, 0, 3, 3]"
GRB160409A,25637,95374216,3,0,5,4,,"[2, 1, 0, 0, 5, 9]"
GRB160410A,25637,95374217,10,5,0,1,,"[11, 1, 3, 0, 1, 2]"
GRB160411A,25637,95374218,11,1,1,2,,"[9, 0, 3, 0, 2, 4]"
GRB160412A,25637,95374219,12,4,7,0,,"[11, 8, 10, 0, 1, 1]"
GRB160417A,25637,95374221,3,3,7,5,,"[8, 3, 5, 0, 0, 6]"
GRB160419A,25637,95374222,11,0,0,0,Simple,"[11, 0, 0, 0, 0, 0]"
GRB160424A,25637,95374225,10,5,0,0,,"[3, 12, 1, 0, 0, 0]"
GRB160425A,25637,95374227,1,6,6,0,,"[7, 9, 3, 0, 0, 0]"
GRB160504A,25637,95374228,2,0,6,5,,"[2, 4, 5, 0, 1, 6]"
GRB160506A,25637,95374229,1,5,3,8,,"[2, 3, 2, 0, 1, 11]"
GRB160519A,25637,95374231,0,10,3,2,,"[6, 4, 5, 0, 0, 3]"
GRB160525B,25637,95374232,15,0,1,1,,"[12, 2, 0, 0, 2, 3]"
GRB160601A,25637,95374234,8,0,3,1,,"[8, 1, 0, 0, 2, 3]"
GRB160607A,25637,95374235,2,0,10,0,,"[6, 4, 7, 0, 0, 0]"
GRB160611A,25637,95374236,4,2,5,0,,"[7, 3, 6, 0, 0, 0]"
GRB160624A,25637,95374238,9,0,2,3,,"[10, 0, 0, 0, 0, 3]"
GRB160625A,25637,95374241,0,4,11,0,,"[10, 1, 11, 0, 0, 0]"
GRB160630A,25637,95374242,2,11,2,0,,"[1, 11, 4, 0, 0, 0]"
GRB160703A,25637,95374243,1,2,7,2,,"[6, 4, 9, 0, 0, 2]"
GRB160705B,25637,95374244,1,2,3,8,,"[0, 4, 2, 0, 2, 10]"
GRB160712A,25637,95374245,4,15,2,0,,"[3, 14, 6, 0, 0, 0]"
GRB160714A,25637,95374247,8,0,1,0,,"[7, 0, 1, 0, 1, 1]"
GRB160716A,25637,95374248,2,1,10,0,,"[10, 1, 5, 0, 1, 1]"
GRB160726A,25637,95374249,13,0,0,0,Simple,"[11, 1, 0, 0, 1, 1]"
GRB160801A,25637,95374252,12,0,1,0,Simple,"[12, 1, 1, 0, 2, 2]"
GRB160804A,25637,95374254,6,4,3,0,,"[8, 4, 2, 0, 0, 1]"
GRB160815A,25637,95374256,12,2,5,1,,"[13, 4, 5, 0, 1, 2]"
GRB160821A,25637,95374257,1,2,14,1,,"[6, 13, 12, 0, 0, 2]"
GRB160821B,25637,95374258,16,0,0,1,Simple,"[13, 2, 1, 0, 1, 2]"
GRB160824A,25637,95374259,0,9,6,1,,"[4, 6, 11, 0, 0, 2]"
GRB160826A,25637,95374260,3,7,3,5,,"[1, 5, 8, 0, 1, 7]"
GRB160827A,25637,95374262,6,3,6,4,,"[10, 2, 5, 0, 1, 6]"
GRB160905A,25637,95374263,1,3,5,0,,"[4, 3, 5, 0, 0, 0]"
GRB160912A,25637,95374265,1,4,7,0,,"[3, 10, 2, 0, 1, 2]"
GRB160917A,25637,95374266,8,6,3,0,,"[3, 13, 3, 0, 0, 0]"
GRB160927A,25637,95374268,11,0,0,1,Simple,"[10, 0, 0, 0, 1, 2]"
GRB161001A,25637,95374270,11,0,0,0,Simple,"[11, 0, 0, 0, 0, 0]"
GRB161004A,25637,95374271,13,0,0,0,Simple,"[6, 4, 0, 0, 3, 3]"
GRB161004B,25637,95374273,10,7,2,0,,"[5, 12, 4, 0, 0, 0]"
GRB161007A,25637,95374275,4,4,2,4,,"[0, 8, 1, 0, 0, 5]"
GRB161011A,25637,95374276,11,1,0,4,,"[5, 3, 2, 0, 2, 6]"
GRB161014A,25637,95374278,1,3,8,2,,"[5, 4, 7, 0, 0, 2]"
GRB161017A,25637,95374280,1,10,5,0,,"[7, 2, 9, 0, 2, 2]"
GRB161022A,25637,95374281,8,4,4,3,,"[8, 3, 8, 0, 0, 3]"
GRB161104A,25637,95374283,6,0,9,3,,"[6, 1, 1, 0, 6, 10]"
GRB161105A,25637,95374284,0,2,10,0,,"[2, 8, 6, 0, 0, 0]"
GRB161108A,25637,95374285,1,2,5,1,,"[3, 5, 2, 0, 0, 1]"
GRB161113A,25637,95374286,0,6,8,0,,"[4, 8, 9, 0, 0, 0]"
GRB161117A,25637,95374288,0,4,17,0,,"[11, 11, 11, 0, 1, 1]"
GRB161117B,25637,95374290,0,2,11,0,,"[8, 3, 10, 0, 1, 1]"
GRB161129A,25637,95374293,2,4,6,1,,"[5, 5, 9, 0, 0, 1]"
GRB161202A,25637,95374294,0,5,12,1,,"[12, 5, 12, 0, 1, 2]"
GRB161214B,25637,95374295,4,10,1,0,,"[1, 13, 4, 0, 0, 0]"
GRB161217A,25637,95374297,5,2,5,1,,"[8, 0, 3, 0, 2, 3]"
GRB161218A,25637,95374298,14,4,3,0,,"[4, 16, 3, 0, 1, 1]"
GRB161219B,25637,95374299,12,0,0,0,Simple,"[7, 6, 0, 0, 1, 1]"
GRB161220A,25637,95374301,7,3,4,0,,"[8, 1, 5, 0, 2, 2]"
GRB161224A,25637,95374302,1,4,5,5,,"[4, 5, 6, 0, 1, 6]"
GRB170101A,25637,95374303,13,2,0,0,,"[8, 7, 0, 0, 0, 0]"
GRB170111A,25637,95374306,1,1,7,3,,"[3, 0, 6, 0, 2, 5]"
GRB170112A,25637,95374307,4,0,2,5,,"[3, 0, 0, 0, 2, 7]"
GRB170113A,25637,95374308,0,5,6,0,,"[2, 7, 6, 0, 0, 0]"
GRB170115A,25637,95374309,2,7,0,3,,"[1, 8, 2, 0, 0, 4]"
GRB170126A,25637,95374312,10,1,0,0,,"[2, 8, 1, 0, 0, 0]"
GRB170127A,25637,95374313,1,1,4,11,,"[5, 0, 5, 0, 1, 12]"
GRB170127B,25637,95374315,13,0,0,0,Simple,"[13, 0, 0, 0, 0, 0]"
GRB170202A,25637,95374316,0,3,9,0,,"[3, 7, 8, 0, 0, 0]"
GRB170203A,25637,95374317,2,4,3,2,,"[1, 6, 6, 0, 2, 4]"
GRB170205A,25637,95374320,0,2,11,0,,"[8, 6, 8, 0, 0, 0]"
GRB170206B,25637,95374321,1,7,1,4,,"[0, 7, 4, 0, 1, 6]"
GRB170208A,25637,95374322,3,8,2,0,,"[2, 6, 6, 0, 1, 1]"
GRB170208B,25637,95374323,9,6,4,0,,"[16, 1, 4, 0, 1, 1]"
GRB170306A,25637,95374325,1,0,2,5,,"[2, 0, 1, 0, 1, 6]"
GRB170307A,25637,95374326,4,2,3,7,,"[6, 1, 3, 0, 1, 8]"
GRB170311A,25637,95374329,2,3,8,2,,"[5, 2, 8, 0, 1, 3]"
GRB170317A,25637,95374330,10,4,0,0,,"[4, 9, 1, 0, 0, 0]"
GRB170318A,25637,95374331,9,5,0,1,,"[2, 13, 1, 0, 0, 1]"
GRB170318B,25637,95374333,13,0,0,1,Simple,"[12, 1, 0, 0, 0, 1]"
GRB170330A,25637,95374335,0,7,12,0,,"[13, 8, 6, 0, 1, 1]"
GRB170331A,25637,95374336,3,5,3,4,,"[6, 2, 6, 0, 1, 6]"
GRB170405A,25637,95374339,0,7,4,2,,"[5, 4, 9, 0, 0, 2]"
GRB170419A,25637,95374340,9,1,0,0,,"[1, 8, 0, 0, 1, 1]"
GRB170419B,25637,95374341,4,6,1,0,,"[5, 6, 3, 0, 0, 0]"
GRB170428A,25637,95374342,14,0,1,0,Simple,"[15, 1, 0, 0, 0, 0]"
GRB170516A,25637,95374344,1,3,9,0,,"[4, 5, 10, 0, 0, 0]"
GRB170519A,25637,95374346,8,4,1,3,,"[9, 1, 2, 0, 1, 4]"
GRB170524A,25637,95374347,13,1,2,1,,"[12, 2, 0, 0, 2, 3]"
GRB170526A,25637,95374348,3,2,5,2,,"[2, 6, 2, 0, 2, 4]"
GRB170531A,25637,95374350,2,2,0,4,,"[0, 3, 0, 0, 0, 4]"
GRB170531B,25637,95374352,0,2,11,0,,"[5, 8, 10, 0, 1, 1]"
GRB170604A,25637,95374354,1,1,5,2,,"[3, 0, 5, 0, 0, 2]"
GRB170607A,25637,95374355,4,4,13,0,,"[14, 10, 4, 0, 0, 0]"
GRB170626A,25637,95374356,8,4,2,0,,"[3, 7, 5, 0, 0, 0]"
GRB170629A,25637,95374357,6,6,3,0,,"[2, 10, 4, 0, 1, 1]"
GRB170705A,25637,95374359,6,6,4,1,,"[10, 7, 5, 0, 0, 1]"
GRB170710A,25637,95374360,3,8,6,2,,"[0, 10, 6, 0, 3, 5]"
GRB170711A,25637,95374361,10,3,1,0,,"[7, 7, 1, 0, 0, 0]"
GRB170714A,25637,95374362,0,1,2,13,,"[0, 0, 2, 0, 0, 14]"
GRB170724A,25637,95374366,0,2,4,7,,"[0, 2, 3, 0, 1, 8]"
GRB170728A,25637,95374368,12,2,0,1,,"[12, 1, 2, 0, 0, 1]"
GRB170728B,25637,95374369,1,5,4,0,,"[5, 1, 3, 0, 1, 2]"
GRB170803A,25637,95374370,6,1,2,0,,"[3, 5, 2, 0, 0, 0]"
GRB170804A,25637,95374371,1,9,8,0,,"[1, 13, 8, 0, 1, 1]"
GRB170807A,25637,95374373,0,11,5,0,,"[3, 14, 3, 0, 0, 0]"
GRB170810A,25637,95374374,0,6,3,6,,"[2, 4, 8, 0, 0, 6]"
GRB170813A,25637,95374375,1,12,2,0,,"[1, 11, 6, 0, 0, 0]"
GRB170822A,25637,95374376,0,3,14,2,,"[10, 2, 9, 0, 1, 3]"
GRB170823A,25637,95374378,0,2,10,0,,"[4, 4, 10, 0, 0, 0]"
GRB170827A,25637,95374381,2,3,1,9,,"[2, 2, 2, 0, 1, 10]"
GRB170903A,25637,95374382,3,3,6,0,,"[8, 5, 2, 0, 0, 0]"
GRB170906A,25637,95374383,0,4,14,1,,"[9, 10, 8, 0, 0, 1]"
GRB170906B,25637,95374384,0,0,10,6,,"[0, 1, 1, 0, 8, 15]"
GRB170906C,25637,95374387,9,4,5,0,,"[13, 1, 9, 0, 0, 0]"
GRB170912A,25637,95374388,5,4,3,0,,"[1, 9, 3, 0, 0, 0]"
GRB170912B,25637,95374389,0,7,3,0,,"[0, 6, 6, 0, 0, 0]"
GRB170921A,25637,95374390,13,0,6,0,,"[18, 1, 4, 0, 0, 0]"
GRB171001A,25637,95374391,0,3,10,1,,"[10, 2, 7, 0, 1, 2]"
GRB171004A,25637,95374395,4,4,4,2,,"[4, 5, 5, 0, 1, 3]"
GRB171007A,25637,95374396,6,3,2,2,,"[5, 4, 2, 0, 0, 4]"
GRB171011A,25637,95374397,15,0,0,0,Simple,"[13, 2, 0, 0, 0, 0]"
GRB171020A,25637,95374398,2,7,4,5,,"[1, 7, 7, 0, 1, 6]"
GRB171027A,25637,95374400,4,4,6,0,,"[5, 5, 10, 0, 0, 0]"
GRB171102B,25637,95374401,2,1,5,3,,"[4, 0, 5, 0, 1, 4]"
GRB171103A,25637,95374403,18,1,2,0,,"[16, 5, 1, 0, 0, 0]"
GRB171115A,25637,95374404,0,6,3,3,,"[1, 3, 6, 0, 1, 4]"
GRB171120A,25637,95374406,0,1,11,0,Other,"[7, 7, 3, 0, 0, 0]"
GRB171123A,25637,95374409,6,8,2,0,,"[1, 14, 0, 0, 0, 1]"
GRB171205A,25637,95374410,2,6,1,7,,"[0, 3, 3, 0, 1, 10]"
GRB171209A,25637,95374411,1,6,13,1,,"[3, 15, 14, 0, 0, 1]"
GRB171211A,25637,95374412,14,0,0,0,Simple,"[11, 3, 1, 0, 0, 1]"
GRB171212A,25637,95374414,2,2,9,3,,"[5, 2, 6, 0, 2, 7]"
GRB171216A,25637,95374415,4,6,5,0,,"[5, 7, 6, 0, 2, 2]"
GRB171222A,25637,95374416,1,1,4,5,,"[1, 3, 3, 0, 1, 6]"
GRB180102A,25637,95374418,11,3,4,2,,"[13, 2, 3, 0, 2, 4]"
GRB180111A,25637,95374420,2,6,7,1,,"[1, 7, 11, 0, 0, 1]"
GRB180113A,25637,95374423,5,8,2,0,,"[9, 3, 7, 0, 0, 0]"
GRB180115A,25637,95374424,0,1,10,3,,"[9, 3, 6, 0, 1, 5]"
GRB180204A,25637,95374425,11,0,0,0,Simple,"[9, 1, 1, 0, 0, 0]"
GRB180205A,25637,95374426,1,2,12,0,,"[9, 8, 5, 0, 0, 0]"
GRB180221A,25637,95374427,3,3,2,3,,"[3, 4, 4, 0, 1, 5]"
GRB180222A,25637,95374429,2,13,1,0,,"[1, 12, 4, 0, 0, 2]"
GRB180224A,25637,95374430,15,5,0,0,,"[3, 16, 2, 0, 0, 0]"
GRB180311A,25637,95374431,4,4,4,3,,"[4, 7, 5, 0, 0, 3]"
GRB180314A,25637,95374433,6,3,2,1,,"[9, 2, 2, 0, 0, 1]"
GRB180314B,25637,95374436,1,7,6,2,,"[2, 6, 7, 0, 0, 3]"
GRB180316A,25637,95374437,8,1,4,0,,"[9, 1, 5, 0, 1, 1]"
GRB180324A,25637,95374438,4,1,11,0,,"[8, 5, 3, 0, 1, 1]"
GRB180325A,25637,95374440,3,1,3,0,,"[4, 3, 0, 0, 0, 0]"
GRB180329A,25637,95374442,0,10,3,3,,"[1, 10, 5, 0, 0, 3]"
GRB180329B,25637,95374443,0,5,5,2,,"[1, 7, 5, 0, 1, 3]"
GRB180331A,25637,95374444,1,4,4,6,,"[3, 6, 5, 0, 1, 7]"
GRB180331B,25637,95374446,0,6,8,0,,"[8, 1, 4, 0, 1, 1]"
GRB180402A,25637,95374447,16,1,1,0,,"[12, 5, 0, 0, 1, 1]"
GRB180404A,25637,95374450,13,0,1,0,Simple,"[12, 1, 3, 0, 0, 0]"
GRB180404B,25637,95374451,0,9,0,0,,"[1, 8, 3, 0, 0, 0]"
GRB180407A,25637,95374452,2,4,4,3,,"[4, 5, 5, 0, 0, 3]"
GRB180410A,25637,95374453,1,6,1,5,,"[0, 7, 1, 0, 0, 5]"
GRB180411A,25637,95374455,1,1,10,1,,"[1, 6, 7, 0, 2, 3]"
GRB180418A,25637,95374456,9,3,1,0,,"[6, 7, 0, 0, 1, 1]"
GRB180425A,25637,95374458,5,4,3,0,,"[5, 5, 3, 0, 0, 0]"
GRB180504A,25637,95374460,6,5,2,1,,"[8, 4, 2, 0, 2, 3]"
GRB180510A,25637,95374461,5,7,5,0,,"[7, 5, 10, 0, 1, 1]"
GRB180510B,25637,95374463,3,7,2,0,,"[6, 4, 1, 0, 1, 1]"
GRB180512A,25637,95374465,3,0,3,8,,"[3, 1, 2, 0, 1, 9]"
GRB180514A,25637,95374466,3,4,10,1,,"[1, 10, 10, 0, 0, 1]"
GRB180602A,25637,95374467,8,5,2,0,,"[11, 3, 4, 0, 0, 0]"
GRB180613A,25637,95374468,1,3,3,8,,"[3, 2, 3, 0, 2, 11]"
GRB180614A,25637,95374470,11,0,3,0,,"[9, 0, 3, 0, 3, 3]"
GRB180618A,25637,95374471,8,10,0,1,,"[3, 13, 2, 0, 3, 4]"
GRB180620A,25637,95374473,1,3,4,0,,"[5, 1, 3, 0, 0, 0]"
GRB180620B,25637,95374474,1,1,9,0,,"[7, 5, 8, 0, 0, 0]"
GRB180623A,25637,95374477,0,3,8,0,,"[7, 4, 7, 0, 0, 0]"
GRB180624A,25637,95374478,0,7,5,1,,"[5, 5, 7, 0, 0, 1]"
GRB180626A,25637,95374480,1,1,7,1,,"[3, 4, 7, 0, 0, 1]"
GRB180630A,25637,95374481,7,5,0,0,,"[10, 2, 3, 0, 0, 0]"
GRB180704A,25637,95374482,1,0,9,1,,"[7, 2, 6, 0, 1, 2]"
GRB180705A,25637,95374484,1,2,3,9,,"[2, 3, 2, 0, 1, 11]"
GRB180706A,25637,95374486,0,2,11,0,,"[10, 5, 2, 0, 0, 0]"
GRB180709A,25637,95374487,5,4,1,2,,"[4, 6, 3, 0, 0, 2]"
GRB180715A,25637,95374488,11,1,0,0,Simple,"[11, 0, 1, 0, 0, 0]"
GRB180720B,25637,95374491,5,6,3,0,,"[7, 9, 6, 0, 0, 0]"
GRB180720C,25637,95374492,12,1,2,0,,"[15, 0, 1, 0, 0, 0]"
GRB180721A,25637,95374493,4,3,4,0,,"[4, 7, 1, 0, 1, 1]"
GRB180727A,25637,95374494,11,0,0,0,Simple,"[6, 4, 1, 0, 0, 1]"
GRB180728A,25637,95374495,10,5,6,0,,"[5, 15, 2, 0, 1, 1]"
GRB180805A,25637,95374496,9,1,0,0,,"[5, 5, 0, 0, 0, 0]"
GRB180805B,25637,95374500,4,6,1,4,,"[6, 3, 1, 0, 1, 6]"
GRB180809B,25637,95374501,1,4,8,1,,"[9, 3, 6, 0, 0, 1]"
GRB180812A,25637,95374502,0,1,5,3,,"[2, 3, 2, 0, 0, 3]"
GRB180818A,25637,95374503,8,3,3,0,,"[9, 4, 5, 0, 0, 0]"
GRB180818B,25637,95374506,1,3,8,2,,"[6, 5, 4, 0, 0, 2]"
GRB180821A,25637,95374507,1,1,4,5,,"[5, 1, 4, 0, 1, 6]"
GRB180823A,25637,95374508,5,5,6,1,,"[10, 4, 9, 0, 0, 1]"
GRB180828A,25637,95374509,14,2,3,0,,"[11, 4, 5, 0, 1, 1]"
GRB180904A,25637,95374510,6,0,2,2,,"[5, 0, 1, 0, 3, 5]"
GRB180905A,25637,95374513,3,3,2,4,,"[3, 1, 3, 0, 2, 6]"
GRB180924A,25637,95374514,1,2,10,3,,"[9, 1, 6, 0, 0, 4]"
GRB180925A,25637,95374515,3,8,2,0,,"[3, 6, 7, 0, 0, 0]"
GRB180930A,25637,95374516,8,2,7,0,,"[11, 1, 8, 0, 0, 0]"
GRB181002A,25637,95374518,3,0,3,8,,"[1, 0, 3, 0, 1, 11]"
GRB181003A,25637,95374521,3,1,2,4,,"[4, 2, 0, 0, 1, 5]"
GRB181010A,25637,95374522,0,3,8,1,,"[5, 2, 7, 0, 1, 2]"
GRB181013A,25637,95374523,0,1,3,10,,"[1, 1, 1, 0, 3, 13]"
GRB181016A,25637,95374524,1,3,2,8,,"[0, 3, 4, 0, 1, 9]"
GRB181020A,25637,95374526,6,5,1,2,,"[5, 7, 2, 0, 0, 2]"
GRB181022A,25637,95374528,6,1,3,1,,"[6, 1, 3, 0, 0, 1]"
GRB181023A,25637,95374529,0,0,3,9,,"[1, 0, 0, 0, 1, 11]"
GRB181027A,25637,95374530,4,0,6,0,,"[7, 0, 5, 0, 1, 1]"
GRB181030A,25637,95374531,5,8,0,1,,"[1, 10, 3, 0, 1, 2]"
GRB181103A,25637,95374533,9,2,1,0,,"[4, 8, 1, 0, 1, 1]"
GRB181110A,25637,95374536,4,2,6,0,,"[8, 3, 6, 0, 0, 0]"
GRB181123B,25637,95374537,12,0,0,0,Simple,"[10, 2, 0, 0, 0, 0]"
GRB181125A,25637,95374538,6,6,3,0,,"[3, 12, 1, 0, 0, 0]"
GRB181126A,25637,95374539,17,0,2,0,,"[19, 0, 1, 0, 0, 0]"
GRB181202A,25637,95374542,0,2,10,1,,"[9, 1, 4, 0, 0, 1]"
GRB181203A,25637,95374543,5,8,2,0,,"[0, 14, 5, 0, 0, 0]"
GRB181213A,25637,95374544,1,1,11,0,,"[7, 9, 5, 0, 2, 2]"
GRB181224A,25637,95374546,8,3,3,0,,"[10, 2, 2, 0, 1, 1]"
GRB181228A,25637,95374548,10,7,1,0,,"[12, 4, 2, 0, 1, 1]"
GRB190103B,25637,95374549,3,3,10,0,,"[4, 7, 9, 0, 1, 1]"
GRB190106A,25637,95374551,0,2,15,0,,"[9, 5, 10, 0, 1, 1]"
GRB190109A,25637,95374552,4,13,2,1,,"[4, 14, 6, 0, 0, 1]"
GRB190109B,25637,95374555,11,0,1,0,Simple,"[11, 0, 0, 0, 1, 1]"
GRB190110A,25637,95374556,5,0,3,1,,"[5, 1, 2, 0, 1, 2]"
GRB190114A,25637,95374557,0,1,8,6,,"[2, 3, 6, 0, 1, 9]"
GRB190114B,25637,95374558,1,3,8,4,,"[5, 3, 5, 0, 3, 7]"
GRB190114C,25637,95374561,12,7,0,0,,"[8, 10, 1, 0, 1, 1]"
GRB190123A,25637,95374562,1,5,3,6,,"[2, 6, 3, 0, 1, 7]"
GRB190202A,25637,95374563,3,7,2,0,,"[0, 9, 3, 0, 1, 1]"
GRB190203A,25637,95374564,5,7,4,0,,"[5, 1, 9, 0, 2, 2]"
GRB190204A,25637,95374565,15,2,1,0,,"[13, 3, 5, 0, 1, 1]"
GRB190211A,25637,95374568,1,1,9,1,,"[7, 3, 3, 0, 1, 3]"
GRB190219A,25637,95374569,0,2,9,2,,"[10, 0, 5, 0, 0, 2]"
GRB190220A,25637,95374570,9,3,0,0,,"[3, 8, 0, 0, 1, 1]"
GRB190311A,25637,95374571,10,10,3,1,,"[10, 12, 10, 0, 0, 1]"
GRB190320A,25637,95374574,2,2,3,11,,"[3, 1, 5, 0, 1, 12]"
GRB190324A,25637,95374576,3,3,6,0,,"[5, 7, 3, 0, 0, 0]"
GRB190326A,25637,95374577,11,0,3,0,,"[11, 0, 0, 0, 2, 3]"
GRB190331A,25637,95374578,2,7,9,0,,"[9, 9, 6, 0, 0, 0]"
GRB190422A,25637,95374580,4,4,9,1,,"[12, 3, 7, 0, 1, 2]"
GRB190424A,25637,95374582,6,5,5,1,,"[3, 10, 4, 0, 1, 2]"
GRB190427A,25637,95374583,11,0,1,1,,"[9, 2, 1, 0, 0, 1]"
GRB190511A,25637,95374584,0,1,7,2,,"[1, 2, 7, 0, 0, 2]"
GRB190512A,25637,95374585,5,6,2,1,,"[0, 12, 3, 0, 0, 1]"
GRB190515B,25637,95374587,8,4,3,2,,"[12, 2, 1, 0, 1, 3]"
GRB190519A,25637,95374589,2,4,12,0,,"[11, 3, 10, 0, 1, 1]"
GRB190604B,25637,95374590,1,2,11,0,,"[9, 10, 8, 0, 0, 0]"
GRB190610A,25637,95374593,9,0,0,0,,"[7, 1, 1, 0, 0, 0]"
GRB190611A,25637,95374594,3,8,1,1,,"[0, 7, 5, 0, 1, 3]"
GRB190613A,25637,95374596,0,2,6,3,,"[3, 3, 7, 0, 0, 3]"
GRB190613B,25637,95374597,9,4,2,0,,"[12, 1, 2, 0, 1, 1]"
GRB190627A,25637,95374598,12,0,0,0,Simple,"[9, 3, 0, 0, 0, 0]"
GRB190630B,25637,95374600,9,2,0,1,,"[5, 7, 0, 0, 0, 1]"
GRB190630C,25637,95374602,6,6,4,0,,"[2, 14, 4, 0, 0, 0]"
GRB190701A,25637,95374603,1,1,13,1,,"[3, 6, 8, 0, 1, 2]"
GRB190706B,25637,95374604,1,12,8,2,,"[6, 8, 8, 0, 2, 4]"
GRB190718A,25637,95374607,1,5,1,5,,"[5, 0, 1, 0, 1, 8]"
GRB190719C,25637,95374608,3,2,7,1,,"[8, 3, 6, 0, 1, 2]"
GRB190727B,25637,95374609,0,8,8,1,,"[5, 12, 9, 0, 0, 1]"
GRB190816A,25637,95374610,1,0,2,8,,"[2, 0, 2, 0, 0, 8]"
GRB190821A,25637,95374611,0,3,14,1,,"[9, 3, 13, 0, 0, 1]"
GRB190824A,25637,95374612,1,2,13,0,,"[12, 4, 7, 0, 0, 0]"
GRB190828B,25637,95374616,7,4,0,0,,"[6, 0, 2, 0, 1, 3]"
GRB190829A,25637,95374617,5,2,14,1,,"[7, 10, 9, 0, 2, 3]"
GRB190926A,25637,95374618,1,1,2,7,,"[2, 1, 1, 0, 2, 9]"
GRB191001B,25637,95374621,0,1,7,6,,"[6, 1, 5, 0, 0, 6]"
GRB191004A,25637,95374622,7,0,4,0,,"[8, 1, 3, 0, 1, 1]"
GRB191004B,25637,95374623,9,7,1,0,,"[10, 3, 6, 0, 1, 1]"
GRB191011A,25637,95374624,9,4,2,0,,"[7, 6, 8, 0, 1, 1]"
GRB191016A,25637,95374625,0,5,10,0,,"[3, 7, 12, 0, 0, 0]"
GRB191017B,25637,95374626,10,0,1,0,,"[10, 1, 0, 0, 0, 0]"
GRB191019A,25637,95374627,3,5,2,0,,"[0, 7, 7, 0, 0, 0]"
GRB191024A,25637,95374630,6,4,0,0,,"[1, 9, 1, 0, 0, 0]"
GRB191029A,25637,95374632,2,2,5,1,,"[2, 4, 6, 0, 2, 3]"
GRB191031A,25637,95374634,4,1,6,0,,"[6, 2, 6, 0, 1, 1]"
GRB191031C,25637,95374635,4,2,6,0,,"[9, 7, 7, 0, 0, 0]"
GRB191031D,25637,95374636,11,0,0,1,Simple,"[10, 0, 0, 0, 1, 2]"
GRB191101A,25637,95374637,6,9,2,1,,"[5, 9, 5, 0, 1, 3]"
GRB191106A,25637,95374639,11,1,0,0,Simple,"[7, 2, 2, 0, 2, 2]"
GRB191122A,25637,95374640,8,4,0,0,,"[3, 9, 0, 0, 0, 0]"
GRB191123A,25637,95374641,1,1,9,1,,"[7, 1, 3, 0, 3, 4]"
GRB191213A,25637,95374643,0,0,1,12,Too Noisy,"[0, 0, 1, 0, 0, 12]"
GRB191218A,25637,95374646,1,4,9,0,,"[10, 8, 8, 0, 1, 1]"
GRB191220A,25637,95374648,2,4,2,11,,"[3, 4, 2, 0, 1, 12]"
GRB191221B,25637,95374649,11,4,0,0,,"[13, 2, 0, 0, 0, 0]"
GRB191227A,25637,95374650,7,7,2,0,,"[9, 7, 6, 0, 0, 0]"
GRB191228A,25637,95374651,0,2,6,7,,"[4, 2, 4, 0, 0, 8]"
GRB200107B,25637,95374652,1,0,8,0,,"[4, 0, 8, 0, 0, 0]"
GRB200109A,25637,95374654,1,4,6,3,,"[5, 3, 2, 0, 2, 5]"
GRB200115A,25637,95374655,8,4,6,2,,"[11, 1, 6, 0, 4, 6]"
GRB200122A,25637,95374657,1,7,6,1,,"[2, 4, 7, 0, 1, 2]"
GRB200125A,25637,95374660,3,2,11,1,,"[2, 11, 9, 0, 0, 1]"
GRB200127A,25637,95374662,0,0,7,10,,"[2, 1, 3, 0, 2, 13]"
GRB200131A,25637,95374663,7,6,5,0,,"[13, 4, 4, 0, 0, 0]"
GRB200205B,25637,95374664,0,2,9,0,,"[0, 6, 8, 0, 1, 1]"
GRB200215A,25637,95374665,14,0,1,1,,"[13, 0, 1, 0, 1, 2]"
GRB200216B,25637,95374668,4,9,3,0,,"[5, 9, 5, 0, 1, 1]"
GRB200219A,25637,95374671,12,4,0,0,,"[13, 0, 1, 0, 1, 2]"
GRB200224A,25637,95374672,4,3,4,3,,"[3, 5, 3, 0, 3, 6]"
GRB200227A,25637,95374673,8,4,0,0,,"[6, 5, 3, 0, 0, 0]"
GRB200228B,25637,95374675,2,3,1,5,,"[1, 4, 2, 0, 1, 6]"
GRB200303A,25637,95374676,6,5,4,0,,"[4, 10, 5, 0, 1, 1]"
GRB200306A,25637,95374677,7,2,5,0,,"[13, 1, 5, 0, 0, 0]"
GRB200306C,25637,95374678,2,5,11,3,,"[4, 9, 13, 0, 1, 5]"
GRB200324A,25637,95374680,3,4,6,1,,"[6, 4, 6, 0, 0, 1]"
GRB200409A,25637,95374682,1,5,10,2,,"[7, 4, 8, 0, 0, 4]"
GRB200410A,25637,95374684,6,3,6,0,,"[7, 3, 7, 0, 0, 2]"
GRB200411A,25637,95374686,13,0,0,2,,"[13, 0, 0, 0, 1, 3]"
GRB200416A,25637,95374687,3,5,7,2,,"[10, 3, 6, 0, 0, 2]"
GRB200425A,25637,95374688,7,2,6,1,,"[10, 3, 4, 0, 1, 2]"
GRB200509A,25637,95374689,1,1,8,2,,"[4, 4, 4, 0, 2, 4]"
GRB200512A,25637,95374690,4,8,1,0,,"[0, 11, 4, 0, 1, 1]"
GRB200519A,25637,95374691,5,3,8,0,,"[14, 5, 6, 0, 0, 0]"
GRB200522A,25637,95374692,11,0,0,0,Simple,"[9, 1, 0, 0, 1, 1]"
GRB200528A,25637,95374696,2,6,7,0,,"[10, 3, 10, 0, 0, 0]"
GRB200529A,25637,95374698,2,6,0,1,,"[1, 8, 1, 0, 0, 1]"
GRB200608A,25637,95374699,0,1,4,3,,"[1, 2, 3, 0, 1, 4]"
GRB200612A,25637,95374701,1,2,8,7,,"[4, 4, 5, 0, 0, 7]"
GRB200630A,25637,95374702,8,6,2,0,,"[2, 10, 4, 0, 1, 1]"
GRB200701A,25637,95374703,6,9,2,1,,"[3, 11, 5, 0, 2, 3]"
GRB200711A,25637,95374704,0,7,7,0,,"[3, 5, 7, 0, 1, 1]"
GRB200713A,25637,95374705,2,0,7,3,,"[2, 3, 2, 0, 2, 6]"
GRB200716C,25637,95374707,7,9,0,0,,"[4, 9, 2, 0, 0, 0]"
GRB200806A,25637,95374709,0,6,7,1,,"[5, 3, 9, 0, 0, 2]"
GRB200819A,25637,95374711,3,9,5,0,,"[5, 8, 9, 0, 1, 1]"
GRB200829A,25637,95374712,10,2,2,0,,"[12, 1, 2, 0, 0, 0]"
GRB200901A,25637,95374715,4,9,3,0,,"[4, 11, 7, 0, 0, 0]"
GRB200901B,25637,95374716,0,1,2,12,,"[0, 0, 2, 0, 0, 12]"
GRB200903A,25637,95374717,5,2,9,0,,"[13, 0, 5, 0, 1, 1]"
GRB200906A,25637,95374718,1,3,8,0,,"[4, 10, 5, 0, 1, 1]"
GRB200907B,25637,95374719,11,0,0,0,Simple,"[9, 0, 0, 0, 1, 2]"
GRB200909B,25637,95374721,6,6,4,1,,"[4, 8, 5, 0, 1, 2]"
GRB200917A,25637,95374723,3,0,7,2,,"[6, 0, 4, 0, 1, 3]"
GRB200919A,25637,95374724,8,1,4,0,,"[11, 0, 3, 0, 1, 1]"
GRB200922A,25637,95374725,9,5,0,0,,"[3, 9, 2, 0, 1, 1]"
GRB200925B,25637,95374727,0,2,11,1,,"[12, 4, 5, 0, 1, 2]"
GRB201001A,25637,95374729,4,1,6,2,,"[2, 1, 7, 0, 3, 5]"
GRB201006A,25637,95374730,10,1,0,1,,"[10, 1, 0, 0, 0, 1]"
GRB201013A,25637,95374731,1,4,8,0,,"[5, 8, 5, 0, 1, 1]"
GRB201014A,25637,95374732,2,0,6,6,,"[3, 2, 4, 0, 3, 9]"
GRB201015A,25637,95374733,5,6,3,0,,"[6, 5, 2, 0, 1, 1]"
GRB201017A,25637,95374737,10,8,0,0,,"[10, 6, 1, 0, 1, 1]"
GRB201020A,25637,95374738,11,0,1,0,Simple,"[10, 1, 1, 0, 0, 0]"
GRB201021C,25637,95374739,2,2,4,1,,"[1, 7, 1, 0, 0, 1]"
GRB201024A,25637,95374740,16,2,0,0,,"[14, 3, 0, 0, 0, 0]"
GRB201026A,25637,95374742,2,5,9,1,,"[8, 1, 9, 0, 0, 1]"
GRB201027A,25637,95374744,5,6,2,0,,"[2, 9, 2, 0, 1, 1]"
GRB201029A,25637,95374745,4,9,2,2,,"[3, 12, 4, 0, 2, 5]"
GRB201104B,25637,95374746,1,4,8,1,,"[2, 8, 9, 0, 0, 2]"
GRB201105A,25637,95374747,5,7,0,1,,"[1, 11, 0, 0, 0, 1]"
GRB201128A,25637,95374748,5,4,1,4,,"[2, 6, 2, 0, 0, 4]"
GRB201203A,25637,95374751,7,3,9,4,,"[6, 4, 8, 0, 2, 9]"
GRB201209A,25637,95374752,0,3,9,0,,"[5, 4, 9, 0, 1, 1]"
GRB201216C,25637,95374753,0,1,10,0,,"[5, 1, 8, 0, 1, 1]"
GRB201221A,25637,95374754,2,5,2,4,,"[3, 1, 6, 0, 1, 6]"
GRB201221D,25637,95374756,13,1,3,1,,"[14, 0, 0, 0, 3, 4]"
GRB201223A,25637,95374758,4,1,7,1,,"[10, 0, 7, 0, 0, 1]"
GRB201229A,25637,95374759,6,1,5,1,,"[2, 6, 5, 0, 1, 2]"
GRB210102C,25637,95374761,2,1,7,0,,"[8, 2, 4, 0, 0, 0]"
GRB210104A,25637,95374762,1,3,9,1,,"[8, 1, 11, 0, 0, 1]"
GRB210104B,25637,95374764,0,2,6,0,,"[5, 2, 4, 0, 0, 0]"
GRB210112A,25637,95374765,5,3,7,0,,"[10, 4, 7, 0, 0, 0]"
GRB210119A,25637,95374766,13,0,4,3,,"[13, 1, 0, 0, 3, 6]"
GRB210205A,25637,95374767,0,1,6,5,,"[2, 1, 5, 0, 3, 8]"
GRB210207B,25637,95374769,1,1,8,0,,"[7, 2, 8, 0, 0, 0]"
GRB210209A,25637,95374770,0,4,8,2,,"[7, 4, 5, 0, 2, 5]"
GRB210210A,25637,95374771,0,2,15,0,,"[8, 8, 5, 0, 0, 0]"
GRB210211A,25637,95374773,7,3,0,1,,"[6, 2, 0, 0, 3, 5]"
GRB210212A,25637,95374776,2,1,3,3,,"[3, 1, 4, 0, 1, 4]"
GRB210217A,25637,95374777,9,2,0,0,,"[6, 6, 0, 0, 0, 0]"
GRB210218A,25637,95374778,1,6,7,1,,"[3, 7, 10, 0, 1, 2]"
GRB210222B,25637,95374779,2,1,7,0,,"[5, 3, 2, 0, 1, 1]"
GRB210226A,25637,95374780,1,1,6,0,,"[4, 2, 5, 0, 1, 1]"
GRB210305A,25637,95374781,7,4,3,0,,"[2, 8, 4, 0, 1, 1]"
GRB210306A,25637,95374782,9,3,0,0,,"[9, 2, 1, 0, 0, 0]"
GRB210306B,25637,95374783,2,2,6,2,,"[5, 2, 5, 0, 0, 2]"
GRB210307A,25637,95374785,0,2,7,5,,"[6, 0, 3, 0, 2, 7]"
GRB210308A,25637,95374787,13,1,0,0,Simple,"[8, 3, 3, 0, 0, 0]"
GRB210318A,25637,95374788,2,10,0,1,,"[0, 8, 3, 0, 0, 2]"
GRB210321A,25637,95374789,4,2,5,0,,"[5, 2, 8, 0, 0, 0]"
GRB210323A,25637,95374790,12,0,0,0,Simple,"[11, 0, 1, 0, 0, 0]"
GRB210402A,25637,95374791,0,3,12,0,,"[4, 8, 11, 0, 0, 0]"
GRB210403A,25637,95374793,0,1,9,2,,"[5, 1, 8, 0, 1, 4]"
GRB210410A,25637,95374794,4,4,1,0,,"[2, 8, 2, 0, 0, 0]"
GRB210411C,25637,95374796,1,6,10,0,,"[8, 7, 7, 0, 0, 0]"
GRB210419A,25637,95374797,1,1,1,11,,"[0, 1, 1, 0, 1, 12]"
GRB210419C,25637,95374798,4,0,5,5,,"[4, 2, 2, 0, 2, 7]"
GRB210420B,25637,95374800,2,1,2,14,,"[1, 2, 0, 0, 2, 17]"
GRB210421A,25637,95374801,5,3,6,0,,"[9, 3, 7, 0, 1, 1]"
GRB210422A,25637,95374802,2,3,5,0,,"[2, 7, 3, 0, 0, 0]"
GRB210430A,25637,95374803,9,5,5,0,,"[9, 5, 7, 0, 1, 1]"
GRB210504A,25637,95374804,0,1,7,10,,"[2, 2, 4, 0, 1, 13]"
GRB210509A,25637,95374805,6,1,5,1,,"[5, 1, 9, 0, 0, 1]"
GRB210514A,25637,95374807,0,8,10,1,,"[8, 6, 14, 0, 0, 1]"
GRB210515C,25637,95374808,3,8,4,1,,"[4, 8, 8, 0, 1, 3]"
GRB210517A,25637,95374809,11,1,0,0,Simple,"[3, 9, 0, 0, 0, 0]"
GRB210527A,25637,95374812,0,1,3,8,,"[1, 0, 0, 0, 4, 12]"
GRB210610A,25637,95374813,7,1,5,0,,"[7, 3, 5, 0, 1, 1]"
GRB210610B,25637,95374814,3,10,2,0,,"[3, 13, 6, 0, 0, 0]"
GRB210618A,25637,95374815,17,0,0,0,Simple,"[15, 0, 0, 0, 2, 2]"
GRB210619B,25637,95374816,0,12,5,1,,"[8, 6, 10, 0, 0, 1]"
GRB210702A,25637,95374817,7,11,1,0,,"[1, 15, 3, 0, 1, 1]"
GRB210708A,25637,95374819,15,0,0,0,Simple,"[8, 4, 1, 0, 2, 2]"
GRB210712A,25637,95374820,2,5,10,1,,"[6, 6, 13, 0, 1, 2]"
GRB210722A,25637,95374821,6,10,0,1,,"[1, 14, 2, 0, 0, 1]"
GRB210723A,25637,95374823,9,4,0,0,,"[3, 9, 1, 0, 1, 1]"
GRB210724A,25637,95374824,1,5,7,0,,"[5, 7, 6, 0, 0, 0]"
GRB210725A,25637,95374825,1,9,1,1,,"[2, 9, 2, 0, 0, 1]"
GRB210725B,25637,95374827,4,2,0,9,,"[4, 0, 2, 0, 1, 10]"
GRB210726A,25637,95374828,12,0,0,0,Simple,"[8, 3, 1, 0, 0, 0]"
GRB210730A,25637,95374829,13,0,0,0,Simple,"[8, 5, 0, 0, 0, 0]"
GRB210731A,25637,95374831,5,2,9,2,,"[4, 5, 6, 0, 3, 5]"
GRB210807A,25637,95374832,0,4,7,2,,"[2, 3, 9, 0, 0, 2]"
GRB210807C,25637,95374834,2,4,4,1,,"[2, 5, 8, 0, 0, 1]"
GRB210818A,25637,95374835,4,12,0,0,,"[0, 15, 3, 0, 0, 0]"
GRB210820A,25637,95374836,2,2,5,4,,"[4, 1, 5, 0, 1, 7]"
GRB210822A,25637,95374837,8,6,1,0,,"[6, 8, 1, 0, 0, 0]"
GRB210824A,25637,95374838,1,7,0,2,,"[1, 3, 3, 0, 0, 3]"
GRB210901A,25637,95374839,3,3,9,1,,"[2, 6, 12, 0, 0, 1]"
GRB210905A,25637,95374840,4,2,4,4,,"[10, 0, 0, 0, 2, 6]"
GRB210912A,25637,95374842,5,2,5,0,,"[11, 2, 5, 0, 0, 0]"
GRB210919A,25637,95374844,6,0,3,1,,"[5, 0, 0, 0, 4, 5]"
GRB210930A,25637,95374846,3,7,3,0,,"[1, 9, 5, 0, 1, 1]"
GRB211023B,25637,95374847,11,0,0,0,Simple,"[10, 0, 0, 0, 1, 1]"
GRB211024B,25637,95374848,1,2,8,2,,"[5, 2, 6, 0, 2, 4]"
GRB211025A,25637,95374849,0,1,2,12,,"[1, 1, 2, 0, 1, 13]"
GRB211129A,25637,95374850,2,4,2,5,,"[3, 4, 2, 0, 2, 7]"
GRB211207A,25637,95374851,13,0,0,0,Simple,"[13, 0, 0, 0, 0, 0]"
GRB211211A,25637,95374852,0,13,4,1,,"[1, 11, 10, 0, 0, 1]"
GRB211221A,25637,95374854,4,4,3,3,,"[6, 6, 4, 0, 0, 3]"
GRB211223C,25637,95374855,4,4,9,0,,"[5, 3, 8, 0, 1, 1]"
GRB211225B,25637,95374857,7,3,6,0,,"[7, 10, 9, 0, 0, 0]"
GRB211227A,25637,95374858,1,10,3,0,,"[2, 7, 9, 0, 0, 0]"
GRB220101A,25637,95374859,2,3,10,0,,"[8, 3, 7, 0, 1, 1]"
GRB220117A,25637,95374860,0,3,13,2,,"[7, 1, 9, 0, 2, 4]"
GRB220117B,25637,95374861,2,2,3,8,,"[1, 4, 3, 0, 0, 8]"
GRB220118A,25637,95374863,11,3,1,0,,"[8, 7, 1, 0, 0, 0]"
GRB220218A,25637,95374864,0,2,3,7,,"[1, 2, 1, 0, 1, 8]"
GRB220302A,25637,95374865,8,2,1,1,,"[8, 2, 1, 0, 0, 1]"
GRB220305A,25637,95374866,2,5,4,0,,"[1, 6, 2, 0, 2, 2]"
GRB220306B,25637,95374868,7,5,0,0,,"[5, 5, 0, 0, 2, 2]"
GRB220319A,25637,95374869,4,3,4,2,,"[3, 6, 4, 0, 2, 4]"
GRB220325A,25637,95374871,11,0,0,0,Simple,"[11, 0, 0, 0, 0, 0]"
GRB220403B,25637,95374872,7,2,1,0,,"[5, 2, 4, 0, 0, 0]"
GRB220404A,25637,95374873,1,3,7,2,,"[9, 0, 3, 0, 0, 3]"
GRB220408A,25637,95374874,2,3,8,0,,"[7, 5, 7, 0, 1, 1]"
GRB220412A,25637,95374876,2,2,4,2,,"[0, 2, 4, 0, 2, 4]"
GRB220412B,25637,95374878,11,0,3,1,,"[8, 0, 1, 0, 4, 6]"
GRB220427A,25637,95374879,8,10,0,0,,"[4, 12, 3, 0, 0, 0]"
GRB220430A,25637,95374881,0,1,7,0,,"[7, 1, 7, 0, 0, 0]"
GRB220501A,25637,95374882,4,10,3,2,,"[1, 13, 3, 0, 0, 2]"
GRB220518A,25637,95374883,5,1,14,0,,"[7, 11, 13, 0, 1, 1]"
GRB220521A,25637,95374884,1,7,4,0,,"[8, 4, 3, 0, 1, 1]"
GRB220611A,25637,95374885,2,4,2,5,,"[0, 7, 2, 0, 1, 6]"
GRB220618A,25637,95374886,6,6,1,2,,"[3, 8, 3, 0, 0, 2]"
GRB220623A,25637,95374888,2,3,5,0,,"[3, 7, 7, 0, 0, 0]"
GRB220701A,25637,95374889,1,3,4,6,,"[2, 3, 4, 0, 1, 7]"
GRB220706A,25637,95374890,6,2,0,2,,"[2, 7, 1, 0, 0, 2]"
GRB220708A,25637,95374891,11,0,3,0,,"[9, 0, 1, 0, 4, 4]"
GRB220711B,25637,95374894,0,2,13,0,,"[8, 1, 11, 0, 0, 0]"
GRB220714B,25637,95374895,1,2,8,0,,"[2, 3, 10, 0, 0, 0]"
GRB220715B,25637,95374896,1,7,6,0,,"[5, 9, 5, 0, 0, 0]"
GRB220730A,25637,95374897,0,6,5,1,,"[5, 9, 7, 0, 0, 1]"
GRB220806A,25637,95374899,17,0,2,1,,"[12, 7, 0, 0, 0, 1]"
GRB220813A,25637,95374901,1,3,9,0,,"[7, 0, 8, 0, 0, 0]"
GRB220826A,25637,95374902,0,3,10,0,,"[4, 4, 6, 0, 2, 2]"
GRB220907A,25637,95374903,5,6,1,1,,"[4, 7, 3, 0, 0, 1]"
GRB220930A,25637,95374905,1,6,7,0,,"[5, 7, 6, 0, 0, 0]"
GRB221009A,25637,95374906,0,0,1,11,Too Noisy,"[0, 0, 0, 0, 1, 12]"
GRB221016A,25637,95374907,10,5,0,0,,"[5, 10, 1, 0, 0, 0]"
GRB221024A,25637,95374908,9,5,2,1,,"[7, 5, 6, 0, 0, 1]"
GRB221027B,25637,95374911,2,0,16,0,,"[9, 9, 7, 0, 0, 0]"
GRB221028A,25637,95374912,1,8,2,1,,"[3, 7, 7, 0, 0, 1]"
GRB221110A,25637,95374914,9,1,1,0,,"[2, 9, 0, 0, 0, 0]"
GRB221120A,25637,95374915,14,0,0,0,Simple,"[13, 0, 0, 0, 1, 1]"
GRB221201A,25637,95374916,11,7,0,1,,"[4, 14, 1, 0, 0, 1]"
GRB221202A,25637,95374918,6,8,3,1,,"[4, 13, 2, 0, 1, 3]"
GRB221216A,25637,95374919,0,6,8,1,,"[9, 2, 5, 0, 0, 2]"
GRB221226B,25637,95374920,13,1,0,0,Simple,"[9, 3, 0, 0, 2, 2]"
GRB230116C,25637,95374921,2,5,3,11,,"[2, 7, 3, 0, 2, 13]"
GRB230116D,25637,95374923,1,7,5,2,,"[0, 8, 9, 0, 0, 2]"
GRB230123A,25637,95374924,15,0,1,1,,"[14, 1, 1, 0, 0, 1]"
GRB230204A,25637,95374925,0,1,6,6,,"[2, 1, 4, 0, 0, 7]"
GRB230205A,25637,95374927,9,0,0,1,,"[7, 2, 0, 0, 0, 1]"
GRB230216A,25637,95374928,1,1,8,6,,"[7, 1, 3, 0, 0, 6]"
GRB230217A,25637,95374930,11,0,0,0,Simple,"[10, 1, 0, 0, 0, 0]"
GRB230228A,25637,95374932,11,0,0,0,Simple,"[7, 3, 1, 0, 0, 0]"
GRB230322B,25637,95374933,8,6,1,0,,"[0, 15, 1, 0, 0, 0]"
GRB230325A,25637,95374934,8,4,2,0,,"[10, 3, 5, 0, 0, 0]"
GRB230328B,25637,95374936,5,7,4,0,,"[3, 13, 9, 0, 0, 0]"
GRB230405B,25637,95374937,8,1,0,1,,"[5, 4, 1, 0, 0, 1]"
GRB230409B,25637,95374939,13,2,0,0,,"[8, 6, 3, 0, 0, 0]"
GRB230414B,25637,95374940,2,3,2,3,,"[1, 3, 3, 0, 1, 4]"
GRB230420A,25637,95374941,1,2,2,2,,"[3, 0, 1, 0, 1, 3]"
GRB230423A,25637,95374943,1,0,4,6,,"[2, 2, 4, 0, 1, 7]"
GRB230427A,25637,95374944,8,1,0,0,,"[2, 7, 0, 0, 0, 0]"
GRB230506B,25637,95374945,3,5,4,1,,"[4, 6, 9, 0, 0, 1]"
GRB230506C,25637,95374947,7,5,4,0,,"[4, 8, 4, 0, 2, 2]"
GRB230510A,25637,95374948,3,6,3,0,,"[7, 1, 7, 0, 0, 0]"
GRB230606A,25637,95374950,0,2,10,0,,"[8, 3, 4, 0, 0, 0]"
GRB230618A,25637,95374952,1,3,5,5,,"[3, 3, 5, 0, 1, 6]"
GRB230622A,25637,95374953,2,3,10,0,,"[13, 3, 3, 0, 0, 0]"
GRB230628E,25637,95374955,13,5,1,0,,"[8, 11, 1, 0, 0, 0]"
GRB230723B,25637,95374956,12,2,0,0,,"[4, 10, 0, 0, 0, 0]"
GRB230728A,25637,95374957,0,0,9,1,,"[6, 1, 6, 0, 0, 1]"
GRB230802A,25637,95374958,2,8,3,1,,"[6, 8, 1, 0, 0, 1]"
GRB230805B,25637,95374960,1,7,1,1,,"[3, 3, 4, 0, 1, 2]"
GRB230815A,25637,95374961,12,1,3,0,,"[12, 4, 3, 0, 0, 0]"
GRB230816A,25637,95374962,4,6,5,0,,"[0, 11, 5, 0, 1, 1]"
GRB230818A,25637,95374963,3,6,1,1,,"[1, 8, 3, 0, 0, 1]"
GRB230826A,25637,95374965,3,8,6,0,,"[4, 8, 8, 0, 3, 3]"
GRB230903A,25637,95374968,7,0,0,0,,"[3, 4, 0, 0, 0, 0]"
GRB231028A,25637,95374969,0,1,6,4,,"[1, 0, 1, 0, 6, 10]"
GRB231104A,25637,95374970,0,5,5,0,,"[7, 2, 4, 0, 0, 0]"
GRB231110A,25637,95374971,8,3,0,0,,"[1, 10, 0, 0, 0, 0]"
GRB231111A,25637,95374973,2,9,1,0,,"[2, 7, 4, 0, 0, 0]"
GRB231117A,25637,95374974,11,1,0,1,,"[11, 2, 0, 0, 0, 1]"
GRB231118A,25637,95374975,11,4,0,1,,"[11, 4, 2, 0, 0, 1]"
GRB231129A,25637,95374977,0,0,5,1,,"[1, 3, 4, 0, 0, 1]"
GRB231205B,25637,95374979,2,0,11,0,,"[5, 10, 7, 0, 0, 0]"
GRB231210B,25637,95374980,7,5,2,0,,"[0, 11, 5, 0, 1, 1]"
GRB231214A,25637,95374981,1,3,14,0,,"[12, 4, 6, 0, 0, 1]"
GRB231215A,25637,95374982,1,5,7,0,,"[3, 5, 10, 0, 0, 0]"
