,Burst Name,Burst ID,Boxes,Count
0,GRB041217,95372762,3,31
1,GRB041219C,95372765,4,28
2,GRB041220,95372767,3,36
3,GRB041223,95372768,8,30
4,GRB041224,95372769,5,35
5,GRB041226,95372770,5,32
6,GRB041228,95372771,3,34
7,GRB050117,95372774,8,36
8,GRB050124,95372775,3,28
9,GRB050126,95372777,3,36
10,GRB050128,95372780,5,32
11,GRB050202,95372781,3,34
12,GRB050215A,95372782,7,38
13,GRB050215B,95372783,4,33
14,GRB050219A,95372784,3,33
15,GRB050219B,95372785,5,32
16,GRB050223,95372786,6,38
17,GRB050306,95372789,10,32
18,GRB050315,95372791,6,31
19,GRB050318,95372793,6,26
20,GRB050319,95372795,8,35
21,GRB050326,95372796,7,28
22,GRB050401,95372797,8,40
23,GRB050406,95372798,3,39
24,GRB050410,95372799,4,37
25,GRB050412,95372801,5,32
26,GRB050416A,95372803,3,42
27,GRB050416B,95372805,3,31
28,GRB050418,95372807,6,38
29,GRB050421,95372808,3,33
30,GRB050422,95372809,7,36
31,GRB050502B,95372810,7,32
32,GRB050505,95372811,11,46
33,GRB050507,95372813,3,25
34,GRB050509A,95372815,4,33
35,GRB050509B,95372816,1,30
36,GRB050525A,95372819,4,35
37,GRB050528,95372821,5,31
38,GRB050603,95372822,5,38
39,GRB050607,95372823,6,33
40,GRB050701,95372824,8,32
41,GRB050712,95372825,4,32
42,GRB050713A,95372826,7,37
43,GRB050713B,95372828,3,25
44,GRB050714B,95372829,3,34
45,GRB050715,95372832,5,38
46,GRB050716,95372834,5,37
47,GRB050717,95372836,3,38
48,GRB050721,95372837,3,36
49,GRB050724,95372838,5,26
50,GRB050726,95372839,4,37
51,GRB050730,95372841,6,44
52,GRB050801,95372842,3,39
53,GRB050802,95372843,5,36
54,GRB050803,95372846,7,34
55,GRB050813,95372847,4,35
56,GRB050814,95372849,3,29
57,GRB050815,95372850,3,37
58,GRB050819,95372851,6,37
59,GRB050820A,95372852,6,33
60,GRB050820B,95372855,5,42
61,GRB050822,95372856,8,31
62,GRB050824,95372857,3,31
63,GRB050826,95372859,5,35
64,GRB050827,95372861,8,35
65,GRB050904,95372863,6,33
66,GRB050908,95372864,4,33
67,GRB050911,95372865,5,29
68,GRB050915A,95372866,7,32
69,GRB050915B,95372868,4,30
70,GRB050916,95372869,4,31
71,GRB050922B,95372870,5,36
72,GRB050922C,95372872,3,31
73,GRB050925,95372875,4,33
74,GRB051001,95372876,4,28
75,GRB051006,95372877,6,32
76,GRB051008,95372878,6,26
77,GRB051016A,95372880,4,30
78,GRB051016B,95372881,3,37
79,GRB051021B,95372882,4,35
80,GRB051105A,95372884,4,43
81,GRB051109A,95372885,4,31
82,GRB051109B,95372887,5,37
83,GRB051111,95372889,2,31
84,GRB051113,95372890,8,31
85,GRB051117A,95372891,4,24
86,GRB051117B,95372893,4,34
87,GRB051210,95372894,4,38
88,GRB051213,95372895,4,26
89,GRB051221A,95372896,3,30
90,GRB051221B,95372898,5,33
91,GRB051227,95372900,4,29
92,GRB060102,95372902,5,33
93,GRB060105,95372903,7,29
94,GRB060108,95372904,3,41
95,GRB060109,95372905,5,38
96,GRB060110,95372907,4,36
97,GRB060111A,95372908,4,33
98,GRB060111B,95372910,7,32
99,GRB060115,95372911,5,35
100,GRB060116,95372914,7,31
101,GRB060117,95372915,5,36
102,GRB060124,95372916,6,29
103,GRB060202,95372917,7,34
104,GRB060203,95372919,4,35
105,GRB060204B,95372920,4,35
106,GRB060206,95372922,3,34
107,GRB060210,95372923,6,40
108,GRB060211A,95372924,4,35
109,GRB060211B,95372927,4,29
110,GRB060219,95372928,5,28
111,GRB060223A,95372929,4,31
112,GRB060223B,95372931,3,29
113,GRB060306,95372932,9,34
114,GRB060312,95372933,6,33
115,GRB060313,95372935,3,30
116,GRB060319,95372936,4,39
117,GRB060322,95372938,6,30
118,GRB060323,95372939,5,38
119,GRB060403,95372941,2,30
120,GRB060413,95372942,5,33
121,GRB060418,95372944,4,32
122,GRB060421,95372945,6,41
123,GRB060424,95372946,7,31
124,GRB060427,95372948,4,32
125,GRB060428A,95372950,5,35
126,GRB060428B,95372951,4,24
127,GRB060501,95372952,5,38
128,GRB060502A,95372955,4,32
129,GRB060502B,95372956,4,39
130,GRB060507,95372957,5,32
131,GRB060510A,95372958,6,38
132,GRB060510B,95372959,8,37
133,GRB060512,95372962,3,34
134,GRB060515,95372963,3,32
135,GRB060516,95372964,2,38
136,GRB060522,95372965,6,29
137,GRB060526,95372967,7,37
138,GRB060602A,95372969,3,34
139,GRB060604,95372970,6,29
140,GRB060605,95372971,6,35
141,GRB060607A,95372972,7,39
142,GRB060607B,95372974,4,34
143,GRB060614,95372976,5,33
144,GRB060707,95372977,6,32
145,GRB060708,95372978,3,34
146,GRB060712,95372980,6,34
147,GRB060714,95372981,5,35
148,GRB060717,95372983,3,36
149,GRB060719,95372984,5,37
150,GRB060729,95372985,5,26
151,GRB060801,95372987,3,32
152,GRB060804,95372989,5,29
153,GRB060805A,95372990,3,36
154,GRB060807,95372991,8,37
155,GRB060813,95372993,3,30
156,GRB060814,95372994,6,40
157,GRB060825,95372996,3,27
158,GRB060904A,95372997,7,35
159,GRB060904B,95372998,4,29
160,GRB060906,95373000,6,34
161,GRB060908,95373002,5,29
162,GRB060912A,95373003,3,33
163,GRB060919,95373004,4,30
164,GRB060923A,95373006,6,30
165,GRB060923B,95373007,3,36
166,GRB060923C,95373009,6,35
167,GRB060926,95373010,3,25
168,GRB060927,95373011,5,36
169,GRB060929,95373013,4,34
170,GRB061002,95373015,4,32
171,GRB061004,95373016,4,31
172,GRB061006,95373018,5,34
173,GRB061007,95373019,6,35
174,GRB061019,95373020,5,30
175,GRB061021,95373021,3,29
176,GRB061028,95373023,4,33
177,GRB061102,95373025,3,39
178,GRB061110A,95373027,3,35
179,GRB061110B,95373029,6,34
180,GRB061121,95373030,5,40
181,GRB061126,95373031,5,31
182,GRB061201,95373033,4,32
183,GRB061202,95373034,4,34
184,GRB061210,95373035,4,33
185,GRB061217,95373036,5,32
186,GRB061222A,95373038,7,30
187,GRB061222B,95373040,6,35
188,GRB070103,95373041,6,38
189,GRB070107,95373043,5,36
190,GRB070110,95373045,4,35
191,GRB070129,95373047,4,32
192,GRB070208,95373048,6,32
193,GRB070209,95373049,3,31
194,GRB070219,95373050,4,42
195,GRB070220,95373052,2,30
196,GRB070223,95373054,6,28
197,GRB070224,95373055,3,33
198,GRB070227,95373057,3,34
199,GRB070306,95373059,7,32
200,GRB070318,95373060,3,33
201,GRB070328,95373061,3,32
202,GRB070330,95373062,4,29
203,GRB070411,95373063,7,35
204,GRB070412,95373065,8,31
205,GRB070419A,95373067,3,33
206,GRB070419B,95373069,4,39
207,GRB070420,95373070,5,32
208,GRB070427,95373073,4,34
209,GRB070429A,95373074,3,34
210,GRB070429B,95373075,3,35
211,GRB070506,95373076,4,33
212,GRB070508,95373077,7,40
213,GRB070509,95373078,3,33
214,GRB070517,95373079,5,32
215,GRB070518,95373082,4,34
216,GRB070520A,95373083,4,33
217,GRB070520B,95373085,4,27
218,GRB070521,95373088,7,33
219,GRB070529,95373089,4,36
220,GRB070531,95373090,4,33
221,GRB070611,95373091,5,37
222,GRB070612A,95373092,6,33
223,GRB070612B,95373093,6,35
224,GRB070616,95373096,5,33
225,GRB070621,95373098,4,31
226,GRB070628,95373099,4,42
227,GRB070704,95373101,4,31
228,GRB070714A,95373102,4,30
229,GRB070714B,95373103,3,31
230,GRB070721A,95373104,3,30
231,GRB070721B,95373105,6,36
232,GRB070724A,95373109,3,32
233,GRB070729,95373110,4,31
234,GRB070731,95373112,3,28
235,GRB070802,95373114,3,29
236,GRB070805,95373115,4,38
237,GRB070808,95373116,3,26
238,GRB070809,95373117,4,32
239,GRB070810A,95373118,3,36
240,GRB070810B,95373119,3,32
241,GRB070911,95373122,6,28
242,GRB070913,95373123,3,35
243,GRB070917,95373126,3,30
244,GRB070920A,95373128,4,31
245,GRB070920B,95373129,5,31
246,GRB070923,95373130,2,30
247,GRB071001,95373131,7,34
248,GRB071003,95373132,5,36
249,GRB071006,95373133,3,25
250,GRB071008,95373135,6,32
251,GRB071010A,95373137,3,34
252,GRB071010B,95373138,5,26
253,GRB071010C,95373141,3,30
254,GRB071011,95373142,6,30
255,GRB071013,95373143,4,29
256,GRB071018,95373144,1,29
257,GRB071020,95373146,4,36
258,GRB071021,95373147,3,32
259,GRB071025,95373149,3,30
260,GRB071028A,95373151,4,35
261,GRB071028B,95373152,5,29
262,GRB071031,95373155,5,33
263,GRB071101,95373156,2,35
264,GRB071112B,95373157,3,32
265,GRB071117,95373158,3,34
266,GRB071118,95373159,1,31
267,GRB071122,95373160,4,35
268,GRB071129,95373163,4,32
269,GRB071227,95373165,3,36
270,GRB080123,95373167,6,32
271,GRB080129,95373168,4,33
272,GRB080205,95373169,7,34
273,GRB080207,95373170,5,27
274,GRB080210,95373171,5,30
275,GRB080212,95373172,7,29
276,GRB080218A,95373173,6,27
277,GRB080218B,95373175,4,31
278,GRB080229A,95373177,8,28
279,GRB080303,95373179,3,28
280,GRB080307,95373181,3,34
281,GRB080310,95373182,5,31
282,GRB080319A,95373183,6,30
283,GRB080319B,95373184,3,35
284,GRB080319C,95373185,3,37
285,GRB080319D,95373186,6,41
286,GRB080320,95373187,4,31
287,GRB080325,95373189,6,33
288,GRB080328,95373191,11,35
289,GRB080330,95373193,7,41
290,GRB080409,95373194,6,27
291,GRB080411,95373195,7,32
292,GRB080413A,95373197,6,31
293,GRB080413B,95373198,3,34
294,GRB080426,95373199,3,30
295,GRB080430,95373200,4,33
296,GRB080503,95373202,4,31
297,GRB080506,95373203,5,33
298,GRB080515,95373206,6,34
299,GRB080516,95373207,6,33
300,GRB080517,95373208,3,30
301,GRB080520,95373209,4,38
302,GRB080523,95373211,4,35
303,GRB080602,95373212,7,31
304,GRB080603B,95373213,7,27
305,GRB080604,95373214,7,34
306,GRB080605,95373216,6,38
307,GRB080607,95373219,6,35
308,GRB080613B,95373220,3,36
309,GRB080623,95373221,5,36
310,GRB080701,95373222,3,31
311,GRB080702A,95373223,3,28
312,GRB080703,95373224,3,36
313,GRB080707,95373226,5,34
314,GRB080710,95373227,3,36
315,GRB080714,95373229,3,34
316,GRB080721,95373230,4,38
317,GRB080723A,95373232,5,41
318,GRB080725,95373234,4,35
319,GRB080727A,95373235,3,28
320,GRB080727B,95373236,5,31
321,GRB080727C,95373237,5,30
322,GRB080802,95373238,4,36
323,GRB080804,95373239,3,34
324,GRB080805,95373241,3,29
325,GRB080810,95373243,8,28
326,GRB080903,95373246,3,31
327,GRB080905A,95373247,3,34
328,GRB080905B,95373248,6,34
329,GRB080906,95373249,6,39
330,GRB080913,95373250,2,30
331,GRB080915A,95373251,6,37
332,GRB080915B,95373253,4,30
333,GRB080916A,95373254,4,33
334,GRB080916B,95373256,4,32
335,GRB080919,95373258,5,32
336,GRB080928,95373259,4,28
337,GRB081007,95373260,5,40
338,GRB081008,95373261,8,34
339,GRB081011,95373263,3,28
340,GRB081012,95373264,6,39
341,GRB081016B,95373266,3,33
342,GRB081022,95373268,4,32
343,GRB081024A,95373270,3,29
344,GRB081028A,95373271,5,37
345,GRB081029,95373272,3,32
346,GRB081101,95373273,4,34
347,GRB081102,95373274,4,38
348,GRB081104,95373275,5,36
349,GRB081105A,95373276,3,28
350,GRB081109A,95373278,3,33
351,GRB081118,95373279,6,41
352,GRB081121,95373281,4,31
353,GRB081126,95373283,7,34
354,GRB081127,95373284,4,32
355,GRB081128,95373286,5,36
356,GRB081203A,95373287,4,33
357,GRB081210,95373288,7,33
358,GRB081211A,95373289,4,41
359,GRB081221,95373291,4,28
360,GRB081222,95373292,3,32
361,GRB081226A,95373294,5,33
362,GRB081228,95373295,3,38
363,GRB081230,95373297,7,38
364,GRB090102,95373299,5,29
365,GRB090107A,95373300,5,40
366,GRB090111,95373301,5,33
367,GRB090113,95373302,4,33
368,GRB090123,95373305,5,34
369,GRB090129,95373306,3,38
370,GRB090201,95373307,6,36
371,GRB090205,95373309,5,39
372,GRB090301A,95373311,8,44
373,GRB090305A,95373313,4,37
374,GRB090307A,95373314,4,36
375,GRB090308A,95373316,5,35
376,GRB090309A,95373317,3,34
377,GRB090313,95373318,5,28
378,GRB090401A,95373321,5,32
379,GRB090401B,95373323,4,35
380,GRB090404,95373324,7,29
381,GRB090407,95373326,5,32
382,GRB090410,95373327,7,28
383,GRB090417A,95373328,4,33
384,GRB090417B,95373330,5,35
385,GRB090418A,95373331,7,46
386,GRB090419,95373332,4,28
387,GRB090422,95373334,5,29
388,GRB090423,95373336,4,34
389,GRB090424,95373338,5,31
390,GRB090426,95373340,3,29
391,GRB090429A,95373341,3,35
392,GRB090429B,95373342,4,34
393,GRB090509,95373344,5,33
394,GRB090510,95373345,4,39
395,GRB090515,95373346,3,30
396,GRB090516A,95373347,4,32
397,GRB090518,95373350,3,32
398,GRB090519,95373351,7,34
399,GRB090529A,95373352,6,39
400,GRB090530,95373354,5,34
401,GRB090531A,95373355,5,35
402,GRB090531B,95373357,9,36
403,GRB090607,95373358,4,37
404,GRB090618,95373359,6,34
405,GRB090621A,95373361,6,38
406,GRB090621B,95373365,3,38
407,GRB090628,95373366,6,31
408,GRB090708,95373368,2,30
409,GRB090709A,95373369,3,35
410,GRB090709B,95373370,5,29
411,GRB090712,95373372,4,32
412,GRB090715A,95373373,6,33
413,GRB090715B,95373374,5,27
414,GRB090720A,95373376,4,34
415,GRB090726,95373379,8,32
416,GRB090727,95373380,5,31
417,GRB090728,95373382,4,36
418,GRB090807A,95373384,9,42
419,GRB090809A,95373385,3,35
420,GRB090812,95373386,7,38
421,GRB090813,95373387,5,30
422,GRB090814A,95373389,5,28
423,GRB090827,95373391,3,38
424,GRB090831C,95373393,4,29
425,GRB090904A,95373394,5,38
426,GRB090904B,95373396,6,31
427,GRB090912,95373398,5,37
428,GRB090916,95373399,4,37
429,GRB090926B,95373400,3,34
430,GRB090927,95373401,4,36
431,GRB090929B,95373403,9,40
432,GRB091018,95373405,3,37
433,GRB091020,95373406,5,36
434,GRB091024,95373408,5,37
435,GRB091026,95373409,3,30
436,GRB091029,95373411,4,33
437,GRB091102,95373412,4,35
438,GRB091104,95373413,2,34
439,GRB091109A,95373415,4,31
440,GRB091109B,95373418,4,34
441,GRB091112,95373420,5,40
442,GRB091127,95373421,4,37
443,GRB091130B,95373423,4,28
444,GRB091208A,95373424,3,29
445,GRB091208B,95373425,5,31
446,GRB091221,95373426,7,34
447,GRB100111A,95373427,6,37
448,GRB100117A,95373429,4,39
449,GRB100119A,95373431,5,26
450,GRB100205A,95373433,6,40
451,GRB100206A,95373435,3,34
452,GRB100212A,95373437,6,31
453,GRB100213A,95373438,4,35
454,GRB100213B,95373439,3,32
455,GRB100219A,95373440,5,30
456,GRB100302A,95373441,6,34
457,GRB100305A,95373443,6,45
458,GRB100316A,95373445,4,38
459,GRB100316B,95373447,3,39
460,GRB100316C,95373448,3,33
461,GRB100316D,95373450,2,34
462,GRB100413A,95373451,6,31
463,GRB100418A,95373452,4,34
464,GRB100420A,95373453,1,31
465,GRB100423A,95373454,3,39
466,GRB100424A,95373457,3,34
467,GRB100425A,95373459,5,33
468,GRB100504A,95373460,3,29
469,GRB100508A,95373463,3,32
470,GRB100513A,95373464,4,37
471,GRB100514A,95373465,5,32
472,GRB100522A,95373466,5,33
473,GRB100526A,95373467,7,32
474,GRB100526B,95373468,4,28
475,GRB100606A,95373470,3,38
476,GRB100614A,95373472,4,32
477,GRB100615A,95373474,5,30
478,GRB100619A,95373476,5,36
479,GRB100621A,95373477,5,25
480,GRB100625A,95373479,3,31
481,GRB100628A,95373480,4,33
482,GRB100702A,95373481,3,37
483,GRB100704A,95373482,7,35
484,GRB100719A,95373483,4,31
485,GRB100724A,95373485,3,38
486,GRB100725A,95373487,4,30
487,GRB100725B,95373489,9,37
488,GRB100727A,95373491,4,35
489,GRB100728A,95373492,4,28
490,GRB100728B,95373493,3,34
491,GRB100802A,95373494,4,39
492,GRB100805A,95373495,4,26
493,GRB100807A,95373498,5,32
494,GRB100814A,95373501,6,35
495,GRB100816A,95373503,3,41
496,GRB100823A,95373504,3,32
497,GRB100901A,95373505,6,32
498,GRB100902A,95373506,7,31
499,GRB100904A,95373507,6,41
500,GRB100905A,95373508,3,30
501,GRB100906A,95373509,10,31
502,GRB100915A,95373511,3,31
503,GRB100917A,95373515,3,32
504,GRB100924A,95373517,6,36
505,GRB100928A,95373518,3,37
506,GRB101008A,95373519,3,27
507,GRB101011A,95373520,5,33
508,GRB101017A,95373521,3,36
509,GRB101020A,95373522,4,31
510,GRB101023A,95373524,5,33
511,GRB101024A,95373527,7,34
512,GRB101030A,95373528,5,26
513,GRB101117B,95373530,3,39
514,GRB101201A,95373532,4,30
515,GRB101204A,95373533,4,36
516,GRB101213A,95373534,3,32
517,GRB101219A,95373535,4,35
518,GRB101219B,95373536,8,30
519,GRB101224A,95373538,3,37
520,GRB110102A,95373539,7,31
521,GRB110106A,95373543,4,30
522,GRB110106B,95373544,5,28
523,GRB110112A,95373545,3,33
524,GRB110119A,95373546,5,38
525,GRB110128A,95373547,3,36
526,GRB110201A,95373548,3,31
527,GRB110205A,95373549,8,41
528,GRB110207A,95373551,6,30
529,GRB110208A,95373553,4,37
530,GRB110210A,95373556,3,38
531,GRB110212A,95373558,5,36
532,GRB110213A,95373559,6,34
533,GRB110223A,95373560,3,40
534,GRB110223B,95373561,9,34
535,GRB110305A,95373562,3,37
536,GRB110312A,95373563,7,29
537,GRB110315A,95373564,7,33
538,GRB110318A,95373566,6,35
539,GRB110318B,95373569,4,41
540,GRB110319A,95373570,4,34
541,GRB110402A,95373573,5,29
542,GRB110407A,95373574,4,34
543,GRB110411A,95373575,6,32
544,GRB110412A,95373576,3,34
545,GRB110414A,95373577,5,29
546,GRB110420A,95373578,3,33
547,GRB110420B,95373579,3,32
548,GRB110422A,95373583,4,34
549,GRB110503A,95373584,3,42
550,GRB110519A,95373586,3,34
551,GRB110520A,95373587,3,36
552,GRB110521A,95373588,3,31
553,GRB110530A,95373589,6,33
554,GRB110610A,95373590,8,34
555,GRB110625A,95373591,5,36
556,GRB110709A,95373592,7,35
557,GRB110709B,95373595,7,32
558,GRB110715A,95373598,5,33
559,GRB110719A,95373600,3,34
560,GRB110726A,95373601,3,28
561,GRB110731A,95373602,3,30
562,GRB110801A,95373603,5,36
563,GRB110808A,95373604,3,24
564,GRB110818A,95373605,3,29
565,GRB110820A,95373606,5,39
566,GRB110827A,95373607,4,34
567,GRB110915A,95373609,6,27
568,GRB110921A,95373612,6,28
569,GRB110928A,95373614,5,31
570,GRB111005A,95373616,7,36
571,GRB111008A,95373617,8,37
572,GRB111016A,95373618,9,40
573,GRB111018A,95373619,6,27
574,GRB111020A,95373620,4,39
575,GRB111022A,95373621,5,35
576,GRB111022B,95373623,3,27
577,GRB111026A,95373626,4,31
578,GRB111029A,95373627,3,38
579,GRB111103A,95373629,7,42
580,GRB111103B,95373630,6,36
581,GRB111107A,95373631,4,32
582,GRB111109A,95373633,5,46
583,GRB111117A,95373634,4,32
584,GRB111121A,95373635,5,31
585,GRB111123A,95373638,4,31
586,GRB111129A,95373640,5,30
587,GRB111204A,95373642,4,31
588,GRB111209A,95373643,2,37
589,GRB111210A,95373644,3,33
590,GRB111212A,95373645,3,31
591,GRB111215A,95373646,1,35
592,GRB111225A,95373647,3,29
593,GRB111228A,95373648,8,31
594,GRB111229A,95373651,5,33
595,GRB120102A,95373653,7,35
596,GRB120106A,95373655,5,39
597,GRB120116A,95373657,6,34
598,GRB120118B,95373658,5,30
599,GRB120119A,95373659,3,26
600,GRB120121A,95373660,4,32
601,GRB120211A,95373661,5,34
602,GRB120212A,95373662,4,32
603,GRB120213A,95373663,3,39
604,GRB120215A,95373666,3,34
605,GRB120218A,95373667,9,26
606,GRB120219A,95373670,4,34
607,GRB120224A,95373671,4,35
608,GRB120229A,95373673,3,42
609,GRB120305A,95373674,3,30
610,GRB120308A,95373675,4,36
611,GRB120311A,95373676,3,41
612,GRB120311B,95373678,8,34
613,GRB120312A,95373681,4,34
614,GRB120320A,95373683,5,32
615,GRB120324A,95373684,6,28
616,GRB120326A,95373685,6,33
617,GRB120327A,95373686,8,41
618,GRB120328A,95373687,6,30
619,GRB120401A,95373689,3,26
620,GRB120403A,95373690,3,36
621,GRB120403B,95373694,4,37
622,GRB120404A,95373696,4,35
623,GRB120422A,95373697,6,35
624,GRB120514A,95373698,7,42
625,GRB120521A,95373699,3,36
626,GRB120521B,95373700,3,31
627,GRB120521C,95373702,4,34
628,GRB120612A,95373703,3,33
629,GRB120624B,95373704,10,31
630,GRB120630A,95373706,3,34
631,GRB120701A,95373708,5,34
632,GRB120703A,95373710,4,25
633,GRB120711B,95373711,3,29
634,GRB120712A,95373712,5,37
635,GRB120714A,95373714,3,32
636,GRB120714B,95373716,4,34
637,GRB120722A,95373717,6,35
638,GRB120724A,95373718,3,28
639,GRB120728A,95373721,3,27
640,GRB120729A,95373723,3,34
641,GRB120802A,95373724,6,37
642,GRB120803A,95373725,5,37
643,GRB120803B,95373726,3,30
644,GRB120804A,95373728,4,30
645,GRB120805A,95373730,4,35
646,GRB120807A,95373731,4,32
647,GRB120811A,95373732,5,36
648,GRB120811C,95373735,3,31
649,GRB120815A,95373736,4,33
650,GRB120816A,95373738,3,42
651,GRB120817A,95373739,5,28
652,GRB120817B,95373740,3,31
653,GRB120819A,95373742,4,32
654,GRB120907A,95373743,5,37
655,GRB120909A,95373744,3,31
656,GRB120911A,95373745,7,37
657,GRB120913A,95373746,7,34
658,GRB120913B,95373748,8,32
659,GRB120918A,95373751,7,35
660,GRB120922A,95373753,6,42
661,GRB120923A,95373754,8,31
662,GRB120927A,95373756,4,41
663,GRB121001A,95373757,3,35
664,GRB121011A,95373758,4,27
665,GRB121014A,95373759,7,29
666,GRB121017A,95373760,3,33
667,GRB121024A,95373762,4,33
668,GRB121027A,95373765,4,34
669,GRB121028A,95373766,3,38
670,GRB121031A,95373767,5,36
671,GRB121102A,95373769,3,41
672,GRB121108A,95373770,7,28
673,GRB121117A,95373772,4,33
674,GRB121123A,95373773,4,40
675,GRB121125A,95373774,6,39
676,GRB121128A,95373776,8,29
677,GRB121201A,95373778,7,31
678,GRB121202A,95373780,4,34
679,GRB121209A,95373782,11,38
680,GRB121211A,95373783,8,32
681,GRB121212A,95373784,4,33
682,GRB121217A,95373785,6,38
683,GRB121226A,95373786,3,29
684,GRB121229A,95373788,2,39
685,GRB130102A,95373790,3,37
686,GRB130122A,95373793,2,33
687,GRB130131A,95373794,5,37
688,GRB130131B,95373795,3,36
689,GRB130206A,95373797,5,35
690,GRB130211A,95373798,4,33
691,GRB130215A,95373799,4,36
692,GRB130216A,95373800,5,34
693,GRB130305A,95373802,3,38
694,GRB130306A,95373804,3,30
695,GRB130313A,95373805,3,30
696,GRB130315A,95373807,6,34
697,GRB130327A,95373808,4,35
698,GRB130408A,95373811,5,36
699,GRB130418A,95373812,3,28
700,GRB130419A,95373813,3,31
701,GRB130420A,95373814,4,28
702,GRB130420B,95373817,4,37
703,GRB130427A,95373818,4,35
704,GRB130427B,95373819,5,35
705,GRB130502A,95373821,3,31
706,GRB130504A,95373823,5,34
707,GRB130505A,95373824,4,37
708,GRB130508A,95373825,3,34
709,GRB130511A,95373826,4,39
710,GRB130514A,95373827,6,32
711,GRB130515A,95373830,3,32
712,GRB130518A,95373832,3,38
713,GRB130521A,95373833,3,26
714,GRB130527A,95373835,4,38
715,GRB130528A,95373837,3,32
716,GRB130529A,95373838,6,31
717,GRB130603A,95373839,4,32
718,GRB130603B,95373840,3,38
719,GRB130604A,95373841,3,28
720,GRB130605A,95373844,4,38
721,GRB130606A,95373845,7,33
722,GRB130608A,95373846,7,39
723,GRB130609A,95373849,3,29
724,GRB130609B,95373851,7,36
725,GRB130610A,95373852,3,35
726,GRB130612A,95373853,3,37
727,GRB130615A,95373854,3,31
728,GRB130625A,95373855,3,30
729,GRB130626A,95373857,4,36
730,GRB130627A,95373859,7,37
731,GRB130627B,95373860,5,34
732,GRB130701A,95373862,3,38
733,GRB130716A,95373864,3,38
734,GRB130719A,95373865,3,28
735,GRB130722A,95373866,6,32
736,GRB130725A,95373867,4,31
737,GRB130725B,95373868,3,25
738,GRB130727A,95373871,6,32
739,GRB130803A,95373872,6,38
740,GRB130806A,95373874,5,32
741,GRB130807A,95373876,5,37
742,GRB130812A,95373877,4,31
743,GRB130816A,95373879,5,28
744,GRB130816B,95373880,4,40
745,GRB130822A,95373881,3,32
746,GRB130829A,95373882,5,33
747,GRB130831A,95373883,6,31
748,GRB130831B,95373885,5,31
749,GRB130907A,95373887,4,26
750,GRB130912A,95373889,3,35
751,GRB130919A,95373890,5,38
752,GRB130925A,95373893,3,33
753,GRB130929A,95373894,4,32
754,GRB131002A,95373895,5,41
755,GRB131002B,95373896,3,36
756,GRB131004A,95373898,3,30
757,GRB131018A,95373900,4,30
758,GRB131024A,95373902,6,35
759,GRB131024B,95373903,5,33
760,GRB131030A,95373904,3,38
761,GRB131031A,95373906,5,32
762,GRB131103A,95373907,5,35
763,GRB131105A,95373908,11,33
764,GRB131117A,95373910,4,30
765,GRB131120A,95373911,3,31
766,GRB131127A,95373914,7,41
767,GRB131128A,95373916,4,33
768,GRB131202A,95373917,5,38
769,GRB131205A,95373918,6,30
770,GRB131226A,95373919,4,34
771,GRB131227A,95373921,5,31
772,GRB131229A,95373922,4,28
773,GRB140102A,95373924,3,33
774,GRB140103A,95373925,5,28
775,GRB140108A,95373927,7,35
776,GRB140114A,95373929,5,34
777,GRB140118A,95373930,7,40
778,GRB140129A,95373931,3,33
779,GRB140129B,95373932,4,33
780,GRB140206A,95373933,5,32
781,GRB140209A,95373936,3,27
782,GRB140211A,95373937,5,33
783,GRB140213A,95373939,5,33
784,GRB140215A,95373941,3,31
785,GRB140301A,95373943,7,29
786,GRB140302A,95373944,4,34
787,GRB140304A,95373945,6,31
788,GRB140305A,95373946,2,33
789,GRB140311A,95373948,5,29
790,GRB140318A,95373949,3,33
791,GRB140320A,95373950,3,38
792,GRB140323A,95373952,7,29
793,GRB140331A,95373956,3,33
794,GRB140408A,95373957,3,29
795,GRB140412A,95373958,6,40
796,GRB140413A,95373959,6,30
797,GRB140419A,95373960,5,34
798,GRB140423A,95373961,5,31
799,GRB140428A,95373963,5,35
800,GRB140430A,95373964,6,31
801,GRB140502A,95373966,3,35
802,GRB140506A,95373969,6,40
803,GRB140509A,95373970,6,40
804,GRB140512A,95373971,8,29
805,GRB140515A,95373972,7,32
806,GRB140516A,95373973,3,31
807,GRB140518A,95373974,6,32
808,GRB140521A,95373977,3,38
809,GRB140606A,95373978,3,36
810,GRB140607A,95373979,3,28
811,GRB140610A,95373983,4,37
812,GRB140611A,95373984,4,29
813,GRB140614A,95373985,5,31
814,GRB140614B,95373986,4,33
815,GRB140619A,95373987,8,34
816,GRB140622A,95373988,4,36
817,GRB140626A,95373990,6,30
818,GRB140628A,95373991,5,36
819,GRB140629A,95373992,5,31
820,GRB140703A,95373997,6,27
821,GRB140706A,95373998,8,34
822,GRB140709A,95373999,8,33
823,GRB140709B,95374000,6,27
824,GRB140710A,95374001,3,37
825,GRB140713A,95374002,4,37
826,GRB140716A-2,95374003,3,31
827,GRB140719A,95374005,3,31
828,GRB140719B,95374006,4,35
829,GRB140730A,95374010,6,34
830,GRB140817A,95374011,5,29
831,GRB140818B,95374012,4,29
832,GRB140824A,95374013,3,35
833,GRB140828A,95374014,4,33
834,GRB140903A,95374016,4,24
835,GRB140907A,95374017,6,28
836,GRB140916A,95374019,3,32
837,GRB140919A,95374023,6,30
838,GRB140927A,95374024,5,36
839,GRB140930B,95374025,4,35
840,GRB141004A,95374026,4,36
841,GRB141005A,95374027,3,34
842,GRB141015A,95374028,3,40
843,GRB141017A,95374029,5,24
844,GRB141020A,95374030,4,34
845,GRB141022A,95374031,3,32
846,GRB141026A,95374033,5,33
847,GRB141031A,95374037,5,31
848,GRB141031B,95374039,5,33
849,GRB141102A,95374040,3,29
850,GRB141109A,95374041,7,33
851,GRB141109B,95374042,5,29
852,GRB141121A,95374043,5,31
853,GRB141130A,95374044,4,27
854,GRB141212A,95374045,3,33
855,GRB141212B,95374047,6,36
856,GRB141220A,95374050,4,37
857,GRB141221A,95374051,7,30
858,GRB141225A,95374053,3,34
859,GRB150101A,95374054,2,28
860,GRB150103A,95374056,5,24
861,GRB150110B,95374057,6,35
862,GRB150120A,95374058,4,32
863,GRB150120B,95374060,6,36
864,GRB150201A,95374061,3,34
865,GRB150202A,95374064,6,34
866,GRB150203A,95374065,6,33
867,GRB150206A,95374067,3,32
868,GRB150211A,95374068,5,32
869,GRB150212A,95374069,4,32
870,GRB150213B,95374070,3,36
871,GRB150222A,95374071,4,32
872,GRB150301A,95374073,3,31
873,GRB150301B,95374075,5,43
874,GRB150302A,95374077,4,30
875,GRB150309A,95374079,4,39
876,GRB150314A,95374081,3,34
877,GRB150317A,95374082,8,37
878,GRB150318A,95374083,5,37
879,GRB150323A,95374085,5,34
880,GRB150323B,95374086,3,36
881,GRB150323C,95374088,4,30
882,GRB150403A,95374091,4,30
883,GRB150413A,95374092,5,33
884,GRB150423A,95374093,3,29
885,GRB150428A,95374094,6,31
886,GRB150428B,95374096,7,28
887,GRB150430A,95374097,8,33
888,GRB150513A,95374099,9,41
889,GRB150527A,95374100,5,36
890,GRB150530A,95374102,4,39
891,GRB150607A,95374105,9,29
892,GRB150615A,95374106,3,39
893,GRB150616A,95374107,6,32
894,GRB150626A,95374108,3,37
895,GRB150626B,95374109,4,32
896,GRB150710A,95374111,4,34
897,GRB150711A,95374112,6,37
898,GRB150716A,95374113,3,33
899,GRB150720A,95374116,4,29
900,GRB150722A,95374119,3,32
901,GRB150724A,95374120,6,33
902,GRB150727A,95374121,4,36
903,GRB150728A,95374122,3,34
904,GRB150801B,95374123,6,33
905,GRB150811A,95374125,3,30
906,GRB150817A,95374126,6,32
907,GRB150818A,95374128,4,31
908,GRB150819A,95374130,2,33
909,GRB150821A,95374132,3,30
910,GRB150831A,95374133,3,32
911,GRB150831B,95374135,3,36
912,GRB150901A,95374136,4,32
913,GRB150907B,95374137,5,37
914,GRB150910A,95374139,3,33
915,GRB150911A,95374140,3,27
916,GRB150915A,95374142,4,30
917,GRB150925A,95374145,3,34
918,GRB151001A,95374146,3,34
919,GRB151001B,95374147,5,36
920,GRB151004A,95374148,5,34
921,GRB151006A,95374149,4,34
922,GRB151021A,95374151,4,28
923,GRB151022A,95374152,4,31
924,GRB151023A,95374153,5,43
925,GRB151027A,95374156,7,33
926,GRB151027B,95374158,6,38
927,GRB151029A,95374160,3,36
928,GRB151031A,95374161,3,33
929,GRB151111A,95374162,4,37
930,GRB151112A,95374163,5,38
931,GRB151114A,95374164,5,35
932,GRB151118A,95374165,6,36
933,GRB151127A,95374167,3,40
934,GRB151205A,95374169,5,31
935,GRB151205B,95374172,5,36
936,GRB151210A,95374174,7,32
937,GRB151215A,95374175,5,34
938,GRB151228A,95374176,3,32
939,GRB151228B,95374177,3,34
940,GRB151229A,95374178,3,31
941,GRB160104A,95374180,5,31
942,GRB160117A,95374182,5,28
943,GRB160117B,95374184,4,36
944,GRB160119A,95374186,5,39
945,GRB160121A,95374187,4,34
946,GRB160123A,95374188,3,36
947,GRB160127A,95374190,4,36
948,GRB160131A,95374191,3,32
949,GRB160203A,95374192,4,33
950,GRB160216A,95374193,6,30
951,GRB160220A,95374195,4,30
952,GRB160220B,95374198,3,32
953,GRB160223A,95374200,5,32
954,GRB160225A,95374201,4,31
955,GRB160227A,95374202,9,41
956,GRB160228A,95374203,4,43
957,GRB160303A,95374204,3,30
958,GRB160313A,95374205,5,38
959,GRB160314A,95374206,3,36
960,GRB160321A,95374208,7,44
961,GRB160325A,95374211,7,28
962,GRB160327A,95374214,5,43
963,GRB160408A,95374215,3,38
964,GRB160409A,95374216,3,36
965,GRB160410A,95374217,3,28
966,GRB160411A,95374218,3,36
967,GRB160412A,95374219,3,32
968,GRB160417A,95374221,3,40
969,GRB160419A,95374222,3,30
970,GRB160424A,95374225,4,29
971,GRB160425A,95374227,6,30
972,GRB160504A,95374228,7,30
973,GRB160506A,95374229,3,33
974,GRB160519A,95374231,6,36
975,GRB160525B,95374232,4,28
976,GRB160601A,95374234,3,34
977,GRB160607A,95374235,6,38
978,GRB160611A,95374236,6,36
979,GRB160624A,95374238,3,34
980,GRB160625A,95374241,9,33
981,GRB160630A,95374242,4,27
982,GRB160703A,95374243,6,35
983,GRB160705B,95374244,5,33
984,GRB160712A,95374245,4,29
985,GRB160714A,95374247,4,38
986,GRB160716A,95374248,6,36
987,GRB160726A,95374249,4,32
988,GRB160801A,95374252,4,41
989,GRB160804A,95374254,5,32
990,GRB160815A,95374256,5,36
991,GRB160821A,95374257,9,31
992,GRB160821B,95374258,3,32
993,GRB160824A,95374259,6,31
994,GRB160826A,95374260,4,34
995,GRB160827A,95374262,7,37
996,GRB160905A,95374263,6,41
997,GRB160912A,95374265,6,34
998,GRB160917A,95374266,4,38
999,GRB160927A,95374268,4,37
1000,GRB161001A,95374270,3,30
1001,GRB161004A,95374271,4,37
1002,GRB161004B,95374273,3,33
1003,GRB161007A,95374275,3,38
1004,GRB161011A,95374276,3,28
1005,GRB161014A,95374278,10,34
1006,GRB161017A,95374280,5,32
1007,GRB161022A,95374281,3,28
1008,GRB161104A,95374283,4,33
1009,GRB161105A,95374284,8,33
1010,GRB161108A,95374285,5,32
1011,GRB161113A,95374286,6,32
1012,GRB161117A,95374288,8,32
1013,GRB161117B,95374290,9,34
1014,GRB161129A,95374293,9,31
1015,GRB161202A,95374294,10,32
1016,GRB161214B,95374295,3,37
1017,GRB161217A,95374297,3,36
1018,GRB161218A,95374298,4,33
1019,GRB161219B,95374299,4,27
1020,GRB161220A,95374301,3,32
1021,GRB161224A,95374302,5,39
1022,GRB170101A,95374303,3,32
1023,GRB170111A,95374306,7,32
1024,GRB170112A,95374307,3,30
1025,GRB170113A,95374308,4,27
1026,GRB170115A,95374309,6,42
1027,GRB170126A,95374312,5,43
1028,GRB170127A,95374313,6,29
1029,GRB170127B,95374315,3,30
1030,GRB170202A,95374316,4,31
1031,GRB170203A,95374317,5,43
1032,GRB170205A,95374320,7,25
1033,GRB170206B,95374321,4,35
1034,GRB170208A,95374322,3,35
1035,GRB170208B,95374323,6,39
1036,GRB170306A,95374325,5,41
1037,GRB170307A,95374326,4,38
1038,GRB170311A,95374329,3,37
1039,GRB170317A,95374330,3,37
1040,GRB170318A,95374331,4,33
1041,GRB170318B,95374333,4,37
1042,GRB170330A,95374335,7,39
1043,GRB170331A,95374336,3,27
1044,GRB170405A,95374339,8,36
1045,GRB170419A,95374340,3,31
1046,GRB170419B,95374341,4,33
1047,GRB170428A,95374342,3,25
1048,GRB170516A,95374344,5,41
1049,GRB170519A,95374346,4,31
1050,GRB170524A,95374347,4,32
1051,GRB170526A,95374348,3,36
1052,GRB170531A,95374350,5,29
1053,GRB170531B,95374352,7,33
1054,GRB170604A,95374354,7,38
1055,GRB170607A,95374355,7,36
1056,GRB170626A,95374356,3,30
1057,GRB170629A,95374357,6,34
1058,GRB170705A,95374359,6,36
1059,GRB170710A,95374360,4,37
1060,GRB170711A,95374361,2,29
1061,GRB170714A,95374362,3,32
1062,GRB170724A,95374366,5,34
1063,GRB170728A,95374368,4,39
1064,GRB170728B,95374369,7,34
1065,GRB170803A,95374370,3,31
1066,GRB170804A,95374371,5,33
1067,GRB170807A,95374373,5,37
1068,GRB170810A,95374374,9,36
1069,GRB170813A,95374375,3,32
1070,GRB170822A,95374376,6,34
1071,GRB170823A,95374378,8,27
1072,GRB170827A,95374381,2,24
1073,GRB170903A,95374382,6,30
1074,GRB170906A,95374383,6,32
1075,GRB170906C,95374387,5,30
1076,GRB170912A,95374388,4,34
1077,GRB170912B,95374389,3,33
1078,GRB170921A,95374390,3,27
1079,GRB171001A,95374391,8,28
1080,GRB171004A,95374395,4,32
1081,GRB171007A,95374396,3,40
1082,GRB171011A,95374397,3,32
1083,GRB171020A,95374398,4,36
1084,GRB171027A,95374400,6,33
1085,GRB171102B,95374401,5,32
1086,GRB171103A,95374403,4,43
1087,GRB171115A,95374404,3,33
1088,GRB171120A,95374406,5,34
1089,GRB171123A,95374409,4,39
1090,GRB171205A,95374410,5,31
1091,GRB171209A,95374411,6,33
1092,GRB171211A,95374412,3,43
1093,GRB171212A,95374414,7,38
1094,GRB171216A,95374415,4,33
1095,GRB171222A,95374416,5,30
1096,GRB180102A,95374418,5,38
1097,GRB180111A,95374420,6,29
1098,GRB180113A,95374423,6,43
1099,GRB180115A,95374424,5,35
1100,GRB180204A,95374425,4,36
1101,GRB180205A,95374426,6,30
1102,GRB180221A,95374427,2,36
1103,GRB180222A,95374429,4,29
1104,GRB180224A,95374430,4,27
1105,GRB180311A,95374431,5,36
1106,GRB180314A,95374433,3,32
1107,GRB180314B,95374436,5,36
1108,GRB180316A,95374437,5,35
1109,GRB180324A,95374438,5,32
1110,GRB180325A,95374440,4,30
1111,GRB180329A,95374442,5,29
1112,GRB180329B,95374443,6,30
1113,GRB180331A,95374444,4,31
1114,GRB180331B,95374446,6,30
1115,GRB180402A,95374447,4,29
1116,GRB180404A,95374450,4,29
1117,GRB180404B,95374451,5,33
1118,GRB180407A,95374452,5,35
1119,GRB180410A,95374453,4,30
1120,GRB180411A,95374455,5,33
1121,GRB180418A,95374456,4,34
1122,GRB180425A,95374458,5,39
1123,GRB180504A,95374460,5,31
1124,GRB180510A,95374461,4,28
1125,GRB180510B,95374463,4,34
1126,GRB180512A,95374465,6,36
1127,GRB180514A,95374466,5,30
1128,GRB180602A,95374467,4,34
1129,GRB180613A,95374468,3,31
1130,GRB180614A,95374470,6,35
1131,GRB180618A,95374471,4,43
1132,GRB180620A,95374473,4,32
1133,GRB180620B,95374474,7,34
1134,GRB180623A,95374477,9,37
1135,GRB180624A,95374478,6,31
1136,GRB180626A,95374480,6,30
1137,GRB180630A,95374481,4,29
1138,GRB180704A,95374482,8,31
1139,GRB180705A,95374484,4,33
1140,GRB180706A,95374486,5,29
1141,GRB180709A,95374487,3,35
1142,GRB180715A,95374488,4,32
1143,GRB180720B,95374491,3,34
1144,GRB180720C,95374492,3,31
1145,GRB180721A,95374493,6,31
1146,GRB180727A,95374494,3,35
1147,GRB180728A,95374495,5,33
1148,GRB180805A,95374496,3,37
1149,GRB180805B,95374500,3,33
1150,GRB180809B,95374501,5,31
1151,GRB180812A,95374502,7,34
1152,GRB180818A,95374503,3,26
1153,GRB180818B,95374506,6,37
1154,GRB180821A,95374507,6,38
1155,GRB180823A,95374508,3,31
1156,GRB180828A,95374509,3,29
1157,GRB180904A,95374510,4,44
1158,GRB180905A,95374513,4,32
1159,GRB180924A,95374514,6,31
1160,GRB180925A,95374515,5,36
1161,GRB180930A,95374516,4,34
1162,GRB181002A,95374518,7,37
1163,GRB181003A,95374521,2,26
1164,GRB181010A,95374522,4,30
1165,GRB181013A,95374523,6,29
1166,GRB181016A,95374524,2,31
1167,GRB181020A,95374526,4,35
1168,GRB181022A,95374528,4,32
1169,GRB181023A,95374529,5,36
1170,GRB181027A,95374530,7,29
1171,GRB181030A,95374531,4,40
1172,GRB181103A,95374533,3,34
1173,GRB181110A,95374536,7,41
1174,GRB181123B,95374537,3,28
1175,GRB181125A,95374538,4,37
1176,GRB181126A,95374539,4,36
1177,GRB181202A,95374542,6,30
1178,GRB181203A,95374543,2,29
1179,GRB181213A,95374544,6,26
1180,GRB181224A,95374546,6,39
1181,GRB181228A,95374548,3,34
1182,GRB190103B,95374549,4,33
1183,GRB190106A,95374551,8,25
1184,GRB190109A,95374552,4,34
1185,GRB190109B,95374555,4,44
1186,GRB190110A,95374556,5,35
1187,GRB190114A,95374557,6,34
1188,GRB190114B,95374558,5,32
1189,GRB190114C,95374561,3,37
1190,GRB190123A,95374562,4,32
1191,GRB190202A,95374563,4,34
1192,GRB190203A,95374564,5,39
1193,GRB190204A,95374565,4,33
1194,GRB190211A,95374568,5,34
1195,GRB190219A,95374569,5,28
1196,GRB190220A,95374570,3,30
1197,GRB190311A,95374571,3,28
1198,GRB190320A,95374574,4,26
1199,GRB190324A,95374576,6,27
1200,GRB190326A,95374577,3,42
1201,GRB190331A,95374578,4,29
1202,GRB190422A,95374580,5,31
1203,GRB190424A,95374582,3,28
1204,GRB190427A,95374583,6,46
1205,GRB190511A,95374584,6,33
1206,GRB190512A,95374585,4,29
1207,GRB190515B,95374587,6,32
1208,GRB190519A,95374589,5,32
1209,GRB190604B,95374590,7,31
1210,GRB190610A,95374593,3,32
1211,GRB190611A,95374594,3,38
1212,GRB190613A,95374596,6,38
1213,GRB190613B,95374597,4,33
1214,GRB190627A,95374598,3,26
1215,GRB190630B,95374600,3,26
1216,GRB190630C,95374602,4,43
1217,GRB190701A,95374603,7,31
1218,GRB190706B,95374604,4,28
1219,GRB190718A,95374607,3,31
1220,GRB190719C,95374608,9,33
1221,GRB190727B,95374609,6,32
1222,GRB190816A,95374610,4,32
1223,GRB190821A,95374611,9,28
1224,GRB190824A,95374612,9,37
1225,GRB190828B,95374616,2,27
1226,GRB190829A,95374617,5,30
1227,GRB190926A,95374618,5,27
1228,GRB191001B,95374621,8,30
1229,GRB191004A,95374622,3,30
1230,GRB191004B,95374623,3,41
1231,GRB191011A,95374624,5,36
1232,GRB191016A,95374625,6,37
1233,GRB191017B,95374626,4,29
1234,GRB191019A,95374627,3,34
1235,GRB191024A,95374630,3,38
1236,GRB191029A,95374632,5,32
1237,GRB191031A,95374634,8,35
1238,GRB191031C,95374635,6,36
1239,GRB191031D,95374636,3,31
1240,GRB191101A,95374637,4,27
1241,GRB191106A,95374639,3,29
1242,GRB191122A,95374640,3,32
1243,GRB191123A,95374641,6,35
1244,GRB191213A,95374643,2,29
1245,GRB191218A,95374646,7,37
1246,GRB191220A,95374648,3,31
1247,GRB191221B,95374649,3,31
1248,GRB191227A,95374650,4,38
1249,GRB191228A,95374651,5,22
1250,GRB200107B,95374652,6,29
1251,GRB200109A,95374654,3,31
1252,GRB200115A,95374655,6,28
1253,GRB200122A,95374657,5,36
1254,GRB200125A,95374660,7,30
1255,GRB200127A,95374662,1,34
1256,GRB200131A,95374663,5,35
1257,GRB200205B,95374664,8,28
1258,GRB200215A,95374665,3,29
1259,GRB200216B,95374668,3,28
1260,GRB200219A,95374671,4,32
1261,GRB200224A,95374672,6,40
1262,GRB200227A,95374673,3,33
1263,GRB200228B,95374675,4,28
1264,GRB200303A,95374676,4,33
1265,GRB200306A,95374677,6,34
1266,GRB200306C,95374678,6,32
1267,GRB200324A,95374680,9,37
1268,GRB200409A,95374682,8,35
1269,GRB200410A,95374684,6,29
1270,GRB200411A,95374686,3,28
1271,GRB200416A,95374687,4,30
1272,GRB200425A,95374688,5,38
1273,GRB200509A,95374689,7,38
1274,GRB200512A,95374690,3,29
1275,GRB200519A,95374691,6,36
1276,GRB200522A,95374692,3,28
1277,GRB200528A,95374696,9,34
1278,GRB200529A,95374698,4,36
1279,GRB200608A,95374699,4,32
1280,GRB200612A,95374701,6,36
1281,GRB200630A,95374702,3,34
1282,GRB200701A,95374703,3,27
1283,GRB200711A,95374704,5,38
1284,GRB200713A,95374705,6,37
1285,GRB200716C,95374707,3,33
1286,GRB200806A,95374709,7,34
1287,GRB200819A,95374711,6,40
1288,GRB200829A,95374712,3,34
1289,GRB200901A,95374715,4,32
1290,GRB200901B,95374716,2,31
1291,GRB200903A,95374717,5,34
1292,GRB200906A,95374718,4,31
1293,GRB200907B,95374719,3,37
1294,GRB200909B,95374721,3,37
1295,GRB200917A,95374723,3,27
1296,GRB200919A,95374724,6,33
1297,GRB200922A,95374725,4,29
1298,GRB200925B,95374727,5,33
1299,GRB201001A,95374729,6,32
1300,GRB201006A,95374730,3,32
1301,GRB201013A,95374731,4,32
1302,GRB201014A,95374732,3,43
1303,GRB201015A,95374733,3,28
1304,GRB201017A,95374737,3,42
1305,GRB201020A,95374738,4,32
1306,GRB201021C,95374739,4,47
1307,GRB201024A,95374740,3,32
1308,GRB201026A,95374742,7,27
1309,GRB201027A,95374744,4,41
1310,GRB201029A,95374745,3,31
1311,GRB201104B,95374746,4,33
1312,GRB201105A,95374747,4,40
1313,GRB201128A,95374748,4,33
1314,GRB201203A,95374751,3,33
1315,GRB201209A,95374752,8,38
1316,GRB201216C,95374753,6,31
1317,GRB201221A,95374754,3,34
1318,GRB201221D,95374756,3,35
1319,GRB201223A,95374758,7,35
1320,GRB201229A,95374759,4,36
1321,GRB210102C,95374761,6,36
1322,GRB210104A,95374762,6,33
1323,GRB210104B,95374764,5,34
1324,GRB210112A,95374765,6,31
1325,GRB210119A,95374766,4,41
1326,GRB210205A,95374767,7,34
1327,GRB210207B,95374769,7,29
1328,GRB210209A,95374770,7,35
1329,GRB210210A,95374771,4,31
1330,GRB210211A,95374773,3,36
1331,GRB210212A,95374776,4,28
1332,GRB210217A,95374777,3,33
1333,GRB210218A,95374778,4,30
1334,GRB210222B,95374779,6,36
1335,GRB210226A,95374780,5,34
1336,GRB210305A,95374781,4,33
1337,GRB210306A,95374782,4,37
1338,GRB210306B,95374783,7,33
1339,GRB210307A,95374785,6,29
1340,GRB210308A,95374787,4,27
1341,GRB210318A,95374788,3,32
1342,GRB210321A,95374789,5,34
1343,GRB210323A,95374790,4,35
1344,GRB210402A,95374791,6,30
1345,GRB210403A,95374793,6,28
1346,GRB210410A,95374794,3,33
1347,GRB210411C,95374796,5,30
1348,GRB210419A,95374797,4,34
1349,GRB210419C,95374798,5,36
1350,GRB210420B,95374800,3,30
1351,GRB210421A,95374801,4,35
1352,GRB210422A,95374802,4,36
1353,GRB210430A,95374803,3,30
1354,GRB210504A,95374804,4,29
1355,GRB210509A,95374805,6,41
1356,GRB210514A,95374807,9,30
1357,GRB210515C,95374808,6,30
1358,GRB210517A,95374809,3,41
1359,GRB210527A,95374812,1,26
1360,GRB210610A,95374813,4,38
1361,GRB210610B,95374814,5,32
1362,GRB210618A,95374815,3,37
1363,GRB210619B,95374816,8,38
1364,GRB210702A,95374817,3,36
1365,GRB210708A,95374819,4,35
1366,GRB210712A,95374820,8,29
1367,GRB210722A,95374821,3,37
1368,GRB210723A,95374823,3,32
1369,GRB210724A,95374824,7,34
1370,GRB210725A,95374825,6,39
1371,GRB210725B,95374827,3,31
1372,GRB210726A,95374828,3,27
1373,GRB210730A,95374829,3,30
1374,GRB210731A,95374831,4,33
1375,GRB210807A,95374832,8,34
1376,GRB210807C,95374834,6,33
1377,GRB210818A,95374835,3,33
1378,GRB210820A,95374836,5,31
1379,GRB210822A,95374837,3,29
1380,GRB210824A,95374838,4,37
1381,GRB210901A,95374839,8,25
1382,GRB210905A,95374840,7,30
1383,GRB210912A,95374842,4,37
1384,GRB210919A,95374844,4,34
1385,GRB210930A,95374846,3,34
1386,GRB211023B,95374847,3,28
1387,GRB211024B,95374848,11,39
1388,GRB211025A,95374849,3,31
1389,GRB211129A,95374850,5,31
1390,GRB211207A,95374851,2,26
1391,GRB211211A,95374852,4,25
1392,GRB211221A,95374854,5,35
1393,GRB211223C,95374855,5,34
1394,GRB211225B,95374857,7,32
1395,GRB211227A,95374858,4,33
1396,GRB220101A,95374859,7,32
1397,GRB220117A,95374860,9,33
1398,GRB220117B,95374861,2,36
1399,GRB220118A,95374863,3,33
1400,GRB220218A,95374864,4,28
1401,GRB220302A,95374865,3,25
1402,GRB220305A,95374866,5,31
1403,GRB220306B,95374868,3,40
1404,GRB220319A,95374869,4,36
1405,GRB220325A,95374871,3,35
1406,GRB220403B,95374872,4,31
1407,GRB220404A,95374873,6,44
1408,GRB220408A,95374874,6,27
1409,GRB220412A,95374876,5,32
1410,GRB220412B,95374878,2,30
1411,GRB220427A,95374879,5,45
1412,GRB220430A,95374881,5,29
1413,GRB220501A,95374882,4,34
1414,GRB220518A,95374883,5,33
1415,GRB220521A,95374884,5,34
1416,GRB220611A,95374885,5,38
1417,GRB220618A,95374886,4,33
1418,GRB220623A,95374888,5,33
1419,GRB220701A,95374889,4,33
1420,GRB220706A,95374890,3,30
1421,GRB220708A,95374891,4,37
1422,GRB220711B,95374894,6,31
1423,GRB220714B,95374895,7,36
1424,GRB220715B,95374896,8,44
1425,GRB220730A,95374897,8,32
1426,GRB220806A,95374899,4,37
1427,GRB220813A,95374901,5,37
1428,GRB220826A,95374902,7,41
1429,GRB220907A,95374903,3,32
1430,GRB220930A,95374905,5,28
1431,GRB221009A,95374906,3,26
1432,GRB221016A,95374907,3,32
1433,GRB221024A,95374908,6,38
1434,GRB221027B,95374911,4,27
1435,GRB221028A,95374912,5,33
1436,GRB221110A,95374914,3,39
1437,GRB221120A,95374915,3,31
1438,GRB221201A,95374916,4,34
1439,GRB221202A,95374918,3,31
1440,GRB221216A,95374919,4,25
1441,GRB221226B,95374920,3,29
1442,GRB230116C,95374921,3,34
1443,GRB230116D,95374923,3,39
1444,GRB230123A,95374924,5,38
1445,GRB230204A,95374925,6,36
1446,GRB230205A,95374927,3,39
1447,GRB230216A,95374928,8,31
1448,GRB230217A,95374930,3,39
1449,GRB230228A,95374932,3,27
1450,GRB230322B,95374933,3,29
1451,GRB230325A,95374934,4,36
1452,GRB230328B,95374936,4,33
1453,GRB230405B,95374937,3,30
1454,GRB230409B,95374939,5,34
1455,GRB230414B,95374940,3,32
1456,GRB230420A,95374941,7,33
1457,GRB230423A,95374943,7,35
1458,GRB230427A,95374944,4,35
1459,GRB230506B,95374945,6,35
1460,GRB230506C,95374947,6,37
1461,GRB230510A,95374948,6,35
1462,GRB230606A,95374950,7,45
1463,GRB230618A,95374952,5,33
1464,GRB230622A,95374953,6,32
1465,GRB230628E,95374955,4,35
1466,GRB230723B,95374956,3,34
1467,GRB230728A,95374957,7,34
1468,GRB230802A,95374958,5,33
1469,GRB230805B,95374960,4,34
1470,GRB230815A,95374961,4,35
1471,GRB230816A,95374962,3,29
1472,GRB230818A,95374963,3,34
1473,GRB230826A,95374965,5,25
1474,GRB230903A,95374968,3,36
1475,GRB231028A,95374969,1,30
1476,GRB231104A,95374970,6,25
1477,GRB231110A,95374971,4,32
1478,GRB231111A,95374973,3,30
1479,GRB231117A,95374974,3,37
1480,GRB231118A,95374975,3,33
1481,GRB231129A,95374977,7,31
1482,GRB231205B,95374979,4,26
1483,GRB231210B,95374980,4,33
1484,GRB231214A,95374981,5,36
1485,GRB231215A,95374982,6,39
